ID,predictions,Label
1,1.2166073453201142e-07,0
2,3.28005129496612e-06,0
3,0.0004499400264711086,1
4,1.1628301362331924e-06,0
5,4.583366595770162e-07,0
6,0.14015078814547016,0
7,0.9830638754216124,0
8,0.9976187975079841,0
9,0.5661416031515691,0
10,0.20321195187818725,0
11,0.773589463285182,0
12,0.009198589413613324,0
13,0.24093271386244697,1
14,0.9717227868897692,0
15,0.13950205194251253,0
16,0.0006553391338481006,0
17,9.761674818324164e-06,0
18,5.800735717438261e-07,0
19,4.6266517367442295e-07,0
20,2.325098143437664e-08,0
21,0.00012827274740488467,0
22,4.329680190924502e-08,0
23,3.095253669359287e-07,0
24,0.026086907892301746,0
25,0.00013773115027274462,0
26,0.6775907288419212,0
27,7.764834017888698e-08,0
28,3.421477629108068e-08,0
29,3.814619420523296e-09,0
30,1.6483961022700666e-05,0
31,5.1359848426611905e-08,0
32,2.3159340555839635e-08,0
33,1.4594118126971494e-08,0
34,6.880983068189418e-10,0
35,1.0155066963655804e-08,0
36,5.716207951134948e-06,0
37,0.00025292426078314716,0
38,1.0173540029499606e-07,0
39,3.348767375955227e-06,0
40,2.8421560596715394e-10,0
41,3.7205417375783286e-07,0
42,1.1000914936398507e-07,0
43,2.2339660469359082e-08,0
44,7.521588560825407e-10,0
45,1.4668952657393319e-05,0
46,2.607497120435359e-09,0
47,3.1492261383073405e-08,0
48,8.874230350941006e-08,0
49,3.157657137336646e-06,0
50,0.48226756884738287,1
51,0.9778711195731371,1
52,1.0150407410740807e-05,1
53,0.005958213198495492,1
54,0.9459158892241222,1
55,0.997589847907655,1
56,0.9611891738202533,1
57,0.9995767036535901,1
58,0.9974185964096536,1
59,0.9992160454754673,1
60,0.9983940488779308,1
61,0.9306376185126847,1
62,0.7773015411129913,1
63,0.0029380974438626972,1
64,0.9999954050454399,1
65,0.9994256424253827,1
66,0.001711282829337625,1
67,0.9898808010168237,1
68,0.9968115132448236,1
69,0.8294231886168281,1
70,0.9958658211810064,1
71,0.9999886443920369,1
72,0.9955551596532602,1
73,0.9007252987747424,1
74,0.9891524590417208,1
75,0.9918305003898858,1
76,0.14797431471678726,1
77,0.9998482890236212,1
78,0.9651769534994324,1
79,0.9850634819481691,1
80,0.9674858320431883,1
81,0.9906047229909571,1
82,0.9969135049910359,1
83,0.9999334377178057,1
84,0.05318539818850343,1
85,0.9945341807242282,1
86,0.9999958355021864,1
87,0.9984701809156667,1
88,0.9998777633848568,1
89,0.9951305302038428,1
90,0.999595531894344,1
91,0.9996822925421655,1
92,0.9979121925812896,1
93,0.999870778908486,1
94,0.2922335617969207,1
95,0.9999999264390077,1
96,0.9967483485447952,1
97,0.9875469582111912,1
98,0.9988423671116212,1
99,0.506310462333206,1
100,0.9997478749825105,1
101,0.9987652275722374,1
102,0.984429508597515,1
103,0.9995017576143782,1
104,0.9994714289057565,1
105,0.9998698051772392,1
106,0.9999999547295366,1
107,0.9994522194082589,1
108,0.7791098721621094,1
109,0.999852833853289,1
110,0.15658520042665863,1
111,0.41872367497850443,1
112,0.01606269434354125,1
113,0.999460914931045,1
114,0.36968152460608567,1
115,0.6244773498471783,1
116,0.9999982093821906,1
117,0.8731223596523117,1
118,0.0035885236653484275,1
119,0.9549877485374848,1
120,0.9999978258709743,1
121,0.9999759454433397,1
122,0.9998096067484249,1
123,0.9981440906674917,1
124,0.5939065294137849,1
125,0.00021439118553449565,1
126,0.9998842672051889,1
127,0.9807643342952941,1
128,0.9907189739598954,1
129,0.8282139965621794,1
130,0.7864671076752834,1
131,0.018197184867079524,1
132,0.9999671739698239,1
133,0.9802350162082321,1
134,0.9979065854651546,1
135,0.12764189877214044,1
136,0.9930912630660493,1
137,0.929334277526996,1
138,0.999889699283686,1
139,0.9827679588742858,1
140,0.9822230602657187,1
141,0.11024934126780755,1
142,0.6475826782520278,1
143,0.9999523557248625,1
144,0.9412689977585598,1
145,0.9999880619894865,1
146,0.9674971643725648,1
147,0.9999008280587075,1
148,0.9998528550424689,1
149,0.9972578648718052,1
150,0.9934171545144131,1
151,0.10200480356082527,1
152,0.003455495065893159,1
153,0.9993288193914789,1
154,0.9999981694555085,1
155,0.9995468171119832,1
156,0.9970196563156437,1
157,0.9999984075872523,1
158,0.9997933758432119,1
159,0.7343618197285665,1
160,0.0306386470149688,1
161,0.9999999108567503,1
162,0.9901383345067725,1
163,0.9999412861432269,1
164,0.9999624606052956,1
165,0.013737224616639504,1
166,0.9865495369153373,1
167,0.372186847851991,1
168,0.7932769299926392,1
169,0.999893626052226,1
170,0.9914926056791219,1
171,0.0002257288827394847,1
172,0.9962852805576731,1
173,0.20759997881304687,1
174,0.999908623420911,1
175,0.9999987417344735,1
176,0.9998842236856791,1
177,0.5430318670983177,1
178,0.995317269340269,1
179,0.8255701806506449,1
180,0.9646120149375498,1
181,0.9999937972295412,1
182,0.9999835153136815,1
183,0.9999962116195322,1
184,0.26859034390227443,1
185,0.9999989590556757,1
186,0.017915360644717472,1
187,0.9920166976041388,1
188,1.1934157777865572e-07,0
189,0.0004101222468782584,0
190,6.368697074546697e-07,0
191,0.006110578807942034,0
192,2.0103099816491554e-10,0
193,1.8119638803751226e-05,0
194,2.7733973236591484e-10,0
195,2.3986019665876157e-05,0
196,4.452716525359042e-09,0
197,2.588174811729577e-09,0
198,4.045681916854666e-09,0
199,1.2181549804958138e-10,0
200,6.814491123609013e-07,0
201,5.321275385914041e-05,0
202,2.6998718756729228e-08,0
203,1.5134894630940983e-05,0
204,2.667857153802495e-08,0
205,0.023594747827200065,0
206,2.2302577065539687e-07,0
207,1.3328605970221566e-06,0
208,8.856965905209743e-09,0
209,4.197455532803703e-10,0
210,3.6933550836208617e-09,0
211,2.5083531362136636e-08,0
212,6.414753250114614e-07,0
213,2.4218481171518296e-08,0
214,0.0009270587463163533,0
215,6.755369636189921e-08,0
216,6.744495357253477e-07,0
217,1.9679646918373574e-08,0
218,1.9361545859014955e-10,0
219,1.9135667832504975e-07,0
220,0.6791081175631426,0
221,3.1567606524968957e-10,0
222,0.00014972847775377267,0
223,3.218632285350501e-08,0
224,1.25921047710763e-07,0
225,2.0522767329114925e-07,0
226,3.6395006197117674e-08,0
227,3.188023325373388e-06,0
228,4.592283289175831e-06,0
229,0.9999582734985945,0
230,7.070444847861007e-09,0
231,6.055317460918448e-06,0
232,1.5589878802829684e-05,0
233,1.260777654976175e-06,0
234,2.3521085149750487e-09,0
235,1.09063849997597e-09,0
236,1.3051090575726884e-08,0
237,0.14406921854906954,1
238,1.0743942247546648e-07,0
239,8.859932344414375e-10,0
240,7.504658444730525e-08,0
241,1.4534723269001253e-07,0
242,1.3867609082983328e-08,0
243,1.6551833574530674e-09,0
244,0.9806451209961183,0
245,3.280978755489351e-10,0
246,2.0103099816491554e-10,0
247,3.404024798898186e-09,0
248,2.5438281577304142e-08,0
249,1.380584320708931e-08,0
250,1.309114642732104e-09,0
251,0.036327350068913675,0
252,4.3582550939754724e-10,0
253,8.519649805332994e-10,0
254,3.294981135999519e-09,0
255,2.0103099816491554e-10,0
256,1.047983732385141e-08,0
257,2.182215164400347e-08,0
258,1.519097412209368e-06,0
259,3.933043593331146e-06,0
260,8.570361721393289e-09,0
261,1.2050185778715235e-05,0
262,1.1985971867048452e-09,0
263,2.4260829536241673e-10,0
264,1.468920737505643e-05,0
265,1.79793729083729e-06,0
266,3.7028511052815687e-09,0
267,7.652493234071003e-09,0
268,4.3582550939754724e-10,0
269,7.720596591500263e-09,0
270,3.282581380842095e-08,0
271,2.157689270525035e-06,0
272,1.045930369819412e-05,0
273,7.08265851206965e-08,0
274,2.3488460188204513e-08,0
275,5.755279391670376e-07,0
276,8.462013469452699e-08,0
277,0.9875227022728083,0
278,0.00062237734447745,0
279,8.459602576153163e-10,0
280,1.1700316294645877e-08,0
281,6.458675036814128e-06,0
282,1.3062958612119396e-08,0
283,4.585224724693355e-06,0
284,1.579349454690623e-06,0
285,1.0047683394570759e-08,0
286,0.9887701429535642,0
287,1.2887819766594757e-08,0
288,1.4198560068558371e-08,0
289,3.2915538447769877e-10,0
290,8.926994711178459e-10,0
291,1.7561134063036702e-08,0
292,2.136589008891395e-07,0
293,2.525419365982831e-09,0
294,2.3117020322808138e-07,0
295,2.1823887726926645e-10,0
296,2.363896922034234e-07,0
297,1.5211753947245202e-08,0
298,2.255974862454133e-08,0
299,5.161120522214521e-08,0
300,4.80441845005697e-10,0
301,1.1436210946559725e-08,0
302,5.053404977333692e-09,0
303,0.0007215513709736047,0
304,0.0001231529800399608,0
305,0.07057014768606289,0
306,1.1243025871631095e-08,0
307,1.3828140514645371e-10,0
308,3.2412508225517696e-09,0
309,3.134708200747472e-07,0
310,3.99684011389128e-05,0
311,4.96977874269775e-07,0
312,4.025561975703772e-05,0
313,0.0026737769807615246,0
314,1.9245494874081403e-09,0
315,8.794343887513072e-10,0
316,1.4211331029561034e-10,0
317,0.00012172122321519765,0
318,8.013192198434126e-05,0
319,7.863913197095586e-08,0
320,4.787973525151845e-08,0
321,4.808675776524158e-07,0
322,1.1096595052545856e-10,0
323,8.926472152705687e-09,0
324,6.995783818513122e-06,0
325,5.694341584536046e-07,0
326,8.325157249605993e-06,0
327,4.917859746929968e-07,0
328,5.482284515916894e-09,0
329,2.7908720994730215e-07,0
330,2.0107828281636486e-09,0
331,2.7530208082499556e-08,0
332,2.4469316262749793e-07,0
333,3.6348220981586105e-06,0
334,7.803095840188543e-08,0
335,0.00022973634439517196,0
336,4.333121815824772e-05,0
337,1.9610039285418896e-08,0
338,3.7838223348815784e-08,0
339,0.4832199212014042,0
340,0.503411713061083,0
341,3.318123478338889e-07,0
342,0.04724096382210627,0
343,2.951307485720359e-05,0
344,0.9998066188639568,0
345,7.872774144708235e-05,0
346,0.020406345324733136,0
347,0.9906730109699449,0
348,4.603172855125486e-07,0
349,0.7471394319348612,0
350,0.999888880511906,0
351,0.0029262913472184906,0
352,3.26418232003786e-06,0
353,4.839085042910891e-06,0
354,6.685301081889127e-06,0
355,1.3147198753017518e-06,0
356,0.0007562864783490448,0
357,2.5705962842625216e-08,0
358,3.563586784606343e-05,0
359,1.861360784826424e-08,0
360,7.484231757665372e-05,0
361,2.1638013270891966e-05,0
362,4.040289697664156e-05,0
363,2.222095083706974e-08,0
364,1.3220032452879758e-06,0
365,5.524785244830811e-08,0
366,0.00011097505217927177,0
367,3.97641050699929e-08,0
368,2.3263621157971258e-08,0
369,0.001058235297412366,0
370,2.3815034109777618e-07,0
371,4.6173265303403633e-10,0
372,0.0013683308706827233,0
373,4.488791512670298e-08,0
374,2.3543836467125418e-05,0
375,4.0009277261308364e-08,0
376,0.9593152332938812,0
377,8.577674812281102e-05,0
378,1.8069705945695458e-05,0
379,7.696029421134326e-08,0
380,4.5376353646087316e-05,0
381,2.8194649916561664e-05,0
382,2.637225329132803e-05,0
383,4.928567444340162e-06,0
384,0.028172024455546257,0
385,0.06000407597175617,0
386,2.4056640865186653e-08,0
387,0.0011747491053070676,0
388,0.9936539933869342,0
389,4.7519292368886016e-08,0
390,4.69764236926965e-08,0
391,0.0006574904867580529,0
392,3.716280200843959e-06,0
393,3.429806373128867e-09,0
394,0.004205281304507894,0
395,0.04971219012072848,0
396,1.1042572095111677e-06,0
397,0.13048491121380734,0
398,4.683353914474571e-08,0
399,5.196738047590586e-05,0
400,3.759392990194717e-06,0
401,7.350677437606928e-07,0
402,2.409164007665526e-07,0
403,0.0015657995973809562,0
404,0.0020963859658775803,0
405,0.00046257977711359035,0
406,4.811374814148045e-05,0
407,4.4450779531809787e-07,0
408,4.282042330189292e-09,0
409,1.3164443531934086e-06,0
410,1.4530998625142859e-09,0
411,4.713823446914112e-06,0
412,8.361223444112173e-08,0
413,2.0206406550802506e-07,0
414,1.9776833192611995e-09,0
415,4.192714113274546e-07,0
416,2.5065812507148775e-08,0
417,5.522581560073105e-09,0
418,2.7741296185678437e-09,0
419,2.954169814552405e-06,0
420,4.421308474091339e-06,0
421,1.420276988382355e-08,0
422,2.074875357811262e-08,0
423,1.359696096932962e-09,0
424,3.1965148206388175e-07,0
425,3.320918545518641e-08,0
426,4.593380757610799e-07,0
427,2.9329083966234383e-09,0
428,2.1294198533991618e-08,0
429,6.107402184482379e-07,0
430,1.6993006147111975e-08,0
431,1.189990292815637e-08,0
432,0.001510126516798918,0
433,1.5475277293236e-06,0
434,5.174453381760393e-09,0
435,3.078287664949769e-09,0
436,6.606911806037257e-10,0
437,3.6463978700213134e-10,0
438,5.087707490171594e-08,0
439,2.1744295623251356e-08,0
440,3.9757100966154215e-09,0
441,1.3018197880309385e-08,0
442,0.00015367755248099865,0
443,2.5162294077082018e-08,0
444,4.132091882682663e-09,0
445,7.670546711943918e-07,0
446,1.0394489875824494e-08,0
447,3.1321528222868643e-07,0
448,1.623096106149932e-06,0
449,0.021599151627932543,0
450,6.324277353782148e-07,0
451,1.4781190357103416e-07,0
452,2.249912318494141e-06,0
453,3.781308652864317e-08,0
454,3.2042449145081846e-08,0
455,2.443237833908532e-08,0
456,1.3327045501326363e-09,0
457,2.710716845618014e-09,0
458,7.78295517820611e-08,0
459,2.207786779411966e-07,0
460,4.096903883210224e-09,0
461,1.7566259216440185e-07,0
462,4.821800432736001e-08,0
463,2.968554122991482e-07,0
464,7.112005452501961e-08,0
465,2.116146328629558e-08,0
466,1.0736094876105866e-06,0
467,3.0340889680209294e-06,0
468,1.1073612459957976e-08,0
469,2.6252914378248038e-08,0
470,7.663823366414864e-09,0
471,7.948829618396126e-05,0
472,3.3692431995793936e-09,0
473,5.206380911855437e-08,0
474,1.6219378805901576e-08,0
475,5.30201969512401e-07,0
476,4.244272198720499e-08,0
477,4.0498204692980235e-08,0
478,6.658918394749689e-10,0
479,9.747290998655732e-05,0
480,4.428837095773187e-05,0
481,1.0740220422104335e-08,0
482,5.629081441040701e-05,0
483,4.931145087460777e-08,0
484,1.5775227780495902e-05,0
485,5.6800428582520774e-08,0
486,1.6674488746408792e-08,0
487,1.1485883370037554e-10,0
488,6.115566324849392e-09,0
489,6.966677624700911e-06,0
490,0.9999341202898749,1
491,0.9828283944052963,1
492,0.008532891563623975,1
493,0.935546409816867,1
494,0.002400665084075195,1
495,0.9967409115565676,1
496,0.993937880535861,1
497,0.8438408678357064,1
498,0.0011527453970035322,1
499,0.9999833460949475,1
500,0.9999991163334309,1
501,0.006500727068334801,0
502,0.001429185884066424,0
503,5.794290600655647e-09,0
504,1.4446823562561898e-08,0
505,0.00021507476771712183,0
506,4.580140444415939e-09,0
507,1.7528130572820211e-06,0
508,0.033623731665782704,0
509,1.6126689768954258e-10,0
510,3.280978755489351e-10,0
511,1.0628443107845634e-07,0
512,1.3828140514645371e-10,0
513,3.2286391789180215e-10,0
514,1.004426994158914e-09,0
515,2.0103099816491554e-10,0
516,1.5893665093677553e-09,0
517,4.8831246864084455e-09,0
518,2.1641725328704057e-08,0
519,4.806216477360732e-09,0
520,8.594166293398425e-06,0
521,0.001277621739218232,0
522,3.482088524301016e-09,0
523,1.953165516453548e-10,0
524,2.3325343692339375e-10,0
525,8.78302817483137e-09,0
526,1.1050550951050821e-06,0
527,7.843708114844897e-07,0
528,6.883690465337851e-08,0
529,1.3218151177751493e-07,0
530,2.302863976265224e-08,0
531,2.2038981977104904e-05,0
532,4.911508126915634e-08,0
533,5.543407843940449e-07,0
534,1.987419742754996e-09,0
535,1.953165516453548e-10,0
536,9.160072214069714e-09,0
537,1.5621868932782224e-10,0
538,1.9162565923977646e-09,0
539,2.7946661477172293e-07,0
540,7.813171221870701e-10,0
541,4.3318771455149854e-09,0
542,9.28482462679813e-09,0
543,1.6126689768954258e-10,0
544,9.478385718535222e-08,0
545,1.9556664512687256e-06,0
546,1.5116886766149164e-05,0
547,0.0032382869663089564,0
548,2.1597428620290488e-10,0
549,0.00017783138427469611,0
550,0.0036354101223923475,0
551,2.906802522200973e-06,0
552,1.9290724272096718e-09,0
553,8.889551790940866e-08,0
554,0.00021380579051111476,0
555,2.1976559141670832e-07,0
556,3.255947819151495e-09,0
557,3.1567606524968957e-10,0
558,3.1917137623897915e-09,0
559,5.780306897408294e-08,0
560,2.1597428620290488e-10,0
561,0.004969736968242975,0
562,6.893964126970703e-10,0
563,7.79515855808251e-06,0
564,8.483922326929757e-10,0
565,9.23931699809535e-08,0
566,2.9209646027755722e-08,0
567,3.471838823698568e-08,0
568,6.76154109794219e-10,0
569,4.777982952406655e-07,0
570,3.8968730232499175e-10,0
571,0.004520002362304663,0
572,4.741270388759067e-08,0
573,1.1711873754256616e-08,0
574,5.822485022011463e-06,0
575,3.812789795965844e-09,0
576,5.014070652652701e-07,0
577,2.1558084756769927e-07,0
578,6.191397327505334e-10,0
579,9.754315768264484e-10,0
580,0.00013442319539578925,0
581,1.9361545859014955e-10,0
582,5.5977155673238076e-09,0
583,3.4472038144477927e-06,0
584,3.1567606524968957e-10,0
585,1.433902164241856e-07,0
586,0.000623362320833027,0
587,6.7556669645630275e-09,0
588,2.253141978459385e-08,0
589,2.1213312185906864e-08,0
590,5.254782170526874e-09,0
591,4.5937622944940917e-07,0
592,2.5383250782396647e-08,0
593,7.197429800863646e-09,0
594,1.9361545859014955e-10,0
595,1.554909381074605e-10,0
596,5.5746045520512803e-08,0
597,2.315953802755013e-09,0
598,2.4024066840504022e-08,0
599,1.3585276103866106e-08,0
600,0.03575866053831565,0
601,3.614719639185087e-09,0
602,6.10895698902181e-09,0
603,4.274274690078052e-06,0
604,0.00018890218124317852,0
605,1.3814051073479544e-10,0
606,3.104296673530499e-09,0
607,1.667727059180291e-05,0
608,3.855382851022753e-06,0
609,7.665013863348617e-06,0
610,2.216649668226536e-07,0
611,1.0991954224697974e-06,0
612,6.700640240028356e-09,0
613,4.975889863188543e-06,0
614,1.038520292004702e-07,0
615,5.81538880890808e-09,0
616,2.1443795585227619e-10,0
617,1.2948354919385244e-07,0
618,1.2781045956031193e-08,0
619,2.4094730350104755e-08,0
620,1.6126689768954258e-10,0
621,5.281245012792566e-05,0
622,2.224664165752898e-08,0
623,2.3218212802794377e-10,0
624,8.116487281470783e-09,0
625,4.520276880011186e-06,0
626,1.376563963135427e-07,0
627,3.809930246548553e-06,0
628,1.09147043252315e-06,0
629,1.6126689768954258e-10,0
630,9.165325014126763e-08,0
631,2.1456658341086113e-05,0
632,2.887322609815568e-08,0
633,9.883632235755037e-08,0
634,1.2296183227219765e-09,0
635,1.7256569103821079e-10,0
636,1.713895317299856e-09,0
637,2.573362015189695e-09,0
638,2.1517351958587676e-10,0
639,1.7256569103821079e-10,0
640,4.5390226555013226e-09,0
641,1.2264398065054261e-07,0
642,4.1659596263024257e-07,0
643,7.493882024673059e-08,0
644,4.712879349066208e-09,0
645,5.575543488067462e-10,0
646,2.156868313065621e-06,0
647,2.1517351958587676e-10,0
648,3.916302747548785e-08,0
649,2.1517351958587676e-10,0
650,2.313819031006929e-10,0
651,8.492885667641692e-09,0
652,3.1567606524968957e-10,0
653,2.1443795585227619e-10,0
654,7.101422040073061e-09,0
655,5.366344461833255e-08,0
656,6.3761731937722905e-09,0
657,1.7928198079629443e-06,0
658,2.3218212802794377e-10,0
659,1.2778370472191402e-07,0
660,2.3700268638032107e-10,0
661,7.035727957858571e-09,0
662,2.3363504417466737e-08,0
663,1.691929565551361e-07,0
664,2.6403545608194377e-09,0
665,4.107877015962151e-10,0
666,5.434003173620463e-08,0
667,5.0167138696351344e-08,0
668,0.00011729922009474639,0
669,1.6992713611617328e-08,0
670,1.9361545859014955e-10,0
671,7.921757512526461e-09,0
672,2.1597428620290488e-10,0
673,8.803023526301898e-08,0
674,4.5576902477914476e-07,0
675,4.8725027276830926e-09,0
676,7.1139028329528975e-06,0
677,4.3582550939754724e-10,0
678,4.3582550939754724e-10,0
679,6.065272832656937e-08,0
680,3.1567606524968957e-10,0
681,1.2022716300853755e-08,0
682,3.457604616627395e-06,0
683,8.343892524490961e-11,0
684,0.0009395431716137328,0
685,4.9975277521309585e-08,0
686,2.2621327068407316e-06,0
687,9.291032027026607e-08,0
688,7.393548469425782e-05,0
689,1.456195482205704e-09,0
690,3.2286391789180215e-10,0
691,1.1136880610238837e-08,0
692,1.6324661598700734e-08,0
693,8.715210064425822e-09,0
694,1.0894044274117483e-08,0
695,3.5765672679179716e-07,0
696,1.5839056377150355e-10,0
697,3.8968730232499175e-10,0
698,1.724769338658046e-08,0
699,1.1094455247836449e-05,0
700,7.74300479062155e-09,0
701,1.5398751389994441e-09,0
702,7.039433414161923e-09,0
703,1.3152211990729546e-06,0
704,3.6929719279791714e-07,0
705,3.979665950183057e-08,0
706,1.9882548311358255e-08,0
707,1.4155516384834697e-07,0
708,6.935666357481821e-05,0
709,2.3379783317631226e-08,0
710,1.7321108950097347e-06,0
711,8.392630116683612e-10,0
712,1.5188443904412663e-10,0
713,6.618749087786186e-09,0
714,0.00010465863319003629,0
715,7.697979007240927e-10,0
716,7.605637859493763e-10,0
717,3.979118102616152e-09,0
718,2.194170794054976e-09,0
719,1.6985343996395786e-08,0
720,2.1517351958587676e-10,0
721,1.5815160781749559e-09,0
722,2.933899983560298e-10,0
723,5.511304663432695e-09,0
724,1.8059055352438999e-09,0
725,2.1443795585227619e-10,0
726,1.169995567586656e-06,0
727,4.5349386444290046e-07,0
728,2.4120949557612317e-07,0
729,2.5472871276693414e-05,0
730,7.087953898568961e-07,0
731,2.184400437689835e-07,0
732,8.471397405757921e-08,0
733,2.4912958563820163e-09,0
734,6.15762038121022e-08,0
735,1.4633358555389198e-09,0
736,3.4373075698443684e-07,0
737,2.4677991902521174e-07,0
738,2.8249710257891407e-06,0
739,0.0004371203907775893,0
740,2.3218212802794377e-10,0
741,3.8968730232499175e-10,0
742,7.73372749714133e-09,0
743,4.0943716274097556e-10,0
744,3.485175894241805e-09,0
745,2.3653089914362575e-09,0
746,3.82019474030152e-09,0
747,0.28909937876003494,0
748,4.185460161146131e-09,0
749,1.2532895417348524e-08,0
750,1.405945911113595e-08,0
751,7.727270323808906e-08,0
752,2.995210515255649e-08,0
753,9.293046993886037e-06,0
754,1.00927271654694e-05,0
755,3.627735686611229e-08,0
756,1.5201332873334773e-07,0
757,1.6126689768954258e-10,0
758,1.1857070531589306e-08,0
759,4.713801032382984e-09,0
760,3.280978755489351e-10,0
761,8.510399590459839e-08,0
762,4.354061197966048e-06,0
763,3.280978755489351e-10,0
764,1.061101404562757e-06,0
765,3.6414821401070026e-08,0
766,1.1656179036400996e-08,0
767,6.963389898123767e-07,0
768,1.953165516453548e-10,0
769,2.561567349447404e-07,0
770,5.536257309849307e-09,0
771,1.0312092061928922e-07,0
772,4.19079536899232e-09,0
773,3.6716076568186124e-07,0
774,9.215471345000676e-07,0
775,1.1196806574568096e-06,0
776,3.573382937255524e-07,0
777,1.953165516453548e-10,0
778,3.9836113844491544e-08,0
779,4.881558863701338e-05,0
780,2.2176206359521373e-08,0
781,4.314782608552457e-08,0
782,1.7488074183846225e-07,0
783,4.975441425252276e-07,0
784,5.276665730285763e-06,0
785,1.6817192646178844e-05,0
786,8.583366281030819e-09,0
787,2.2011736353502352e-08,0
788,3.2286391789180215e-10,0
789,3.1485381976956715e-07,0
790,1.6126689768954258e-10,0
791,5.318950166548851e-10,0
792,1.129967699970056e-08,0
793,2.166853877684587e-07,0
794,1.841003431888103e-08,0
795,3.2705973211744036e-09,0
796,0.00014650515043424317,0
797,4.2697405287559885e-08,0
798,3.024565574262451e-08,0
799,4.47287932620749e-09,0
800,0.9091860447059108,0
801,0.2333918313224847,0
802,0.9994800219939318,0
803,0.013871793420723842,0
804,0.8906786961175277,0
805,0.0003052344764792143,0
806,0.9899298443803095,0
807,1.7200632159527428e-07,0
808,0.006699961807806102,0
809,2.277698511757499e-06,0
810,5.2898889607432135e-06,0
811,3.950730540816391e-08,0
812,4.845178563940496e-06,0
813,1.950823167222988e-08,0
814,3.06478799399334e-07,0
815,8.641410110251205e-08,0
816,3.4051842207567278e-06,0
817,3.867984793978202e-06,0
818,4.299094325546952e-05,0
819,1.1988585841744733e-09,0
820,2.0554986891900435e-08,0
821,3.6882889348467253e-06,0
822,1.3743128445630672e-06,0
823,0.9996950332046597,1
824,8.990178934873593e-06,0
825,0.0006471000345546805,0
826,3.564985318693337e-05,0
827,0.6207201890773925,0
828,0.13934225348054974,0
829,6.700816341434104e-06,0
830,1.621446636402735e-05,0
831,2.397072344951072e-05,0
832,0.9974358932516214,0
833,1.0555900969775999e-06,0
834,0.025338088542881065,0
835,1.4313197091148314e-06,0
836,0.9975210852813056,0
837,0.21472722542143213,0
838,0.4361887995585474,0
839,7.603696865657542e-05,0
840,0.9847793230959662,0
841,8.276896783437901e-05,0
842,0.5962836723185955,0
843,0.0009530050517318532,0
844,9.479831576125738e-07,0
845,0.7592503212659739,0
846,0.42696676515125237,0
847,7.418912948545045e-06,0
848,1.0017332485733721e-07,0
849,0.9999558397073411,0
850,3.487191450809887e-08,0
851,1.5430052468859625e-07,0
852,4.178774444275603e-07,0
853,0.0017670156958025413,0
854,3.537675447402102e-07,0
855,0.997961768930476,1
856,0.0017906649807588534,0
857,0.0003480167079806986,0
858,0.0017601883096553244,0
859,1.41230508218124e-09,0
860,1.3004578686258313e-06,0
861,1.1904701312415381e-08,0
862,6.883569530059945e-05,0
863,2.001626104330188e-06,0
864,8.620789247031738e-08,0
865,0.00032860419371273197,0
866,0.07048007606931633,0
867,1.1197109959038744e-06,0
868,1.2576522914402678e-09,0
869,1.993106789491114e-08,0
870,6.742447691319704e-07,0
871,1.5922285594701388e-06,0
872,1.5870293245373593e-08,0
873,1.015839084695649e-05,0
874,1.281180418007797e-08,0
875,2.370695391375949e-08,0
876,8.077455417511599e-10,0
877,4.824285356640854e-10,0
878,1.1717071538120603e-08,0
879,3.103389003625764e-08,0
880,0.003028244258996117,0
881,4.591878210575395e-09,0
882,1.839716288978661e-09,0
883,3.2304186054870664e-08,0
884,4.768673027492394e-08,0
885,4.167015967425181e-08,0
886,0.7937365478940316,1
887,3.977224447238754e-05,1
888,5.020617999880846e-07,0
889,0.43132970017969685,1
890,0.0008665007324044041,1
891,0.3300766353300268,1
892,0.2353283289234181,1
893,0.027858288604868952,1
894,0.0024958116571430814,1
895,0.9973292223471838,1
896,0.9999870241179049,1
897,0.0051925235341351,1
898,0.9923958686262208,1
899,0.9999941321566828,1
900,0.1748927577255793,1
901,0.009569557909669334,1
902,0.9999999757399788,1
903,0.3542548747696067,1
904,0.9990984294350304,1
905,0.9999956013946101,1
906,0.9964439416122075,1
907,0.7457107165603022,1
908,0.9916410019840343,1
909,0.14843728984233479,1
910,0.9999705060693068,1
911,0.9999950597049033,1
912,0.9999697183806189,1
913,0.9835499875395934,1
914,0.9999384816023795,1
915,0.25135350810019935,1
916,0.9518856820234533,1
917,6.819954526248336e-05,1
918,0.9644287752092225,1
919,0.9861255362505755,1
920,0.9070576524598627,1
921,0.9999870032548364,1
922,0.999333292260096,1
923,0.8222184041026813,1
924,0.9996848935802486,1
925,0.990299323915782,1
926,0.9994194468335706,1
927,0.9998183798434614,1
928,0.42720170503328125,1
929,0.6656942399656995,1
930,0.8893996738366574,1
931,0.99638914382329,1
932,0.9999840344020895,1
933,0.9999997376358425,1
934,0.1851220847961649,1
935,8.592852333854519e-10,1
936,0.9942142482227436,1
937,0.07567792019070861,1
938,0.999988340843476,1
939,0.9992809525445079,1
940,0.9961858725533911,1
941,0.9999185801630308,1
942,0.9979768800663814,1
943,0.8131420186492732,1
944,0.06316550698170237,1
945,0.9985960711075614,1
946,0.9148867239316725,1
947,0.8736607423507455,1
948,0.9545099879346008,1
949,0.9998666932728739,1
950,0.9910819095456077,1
951,0.008526946071824757,1
952,0.9972592652057752,1
953,0.9944287886540611,1
954,0.999994292930108,1
955,0.2878453211517539,1
956,0.9999813039881787,1
957,0.7156754713273873,1
958,0.005005584920213255,1
959,0.9999993493842706,1
960,0.7538922706221883,1
961,0.9990476392401583,1
962,0.811643563817294,1
963,0.9996229044148419,1
964,0.6827716993535959,1
965,0.9998895758326511,1
966,0.0012449941565734074,1
967,0.5097016218752468,1
968,0.7655592276771123,1
969,0.0004492371749010007,1
970,0.9962957526001457,1
971,0.00023288099056312125,1
972,0.007379692804209357,1
973,0.9996230271353052,1
974,0.9945698589933667,1
975,0.9999952305503623,1
976,0.9997103088043217,1
977,0.9991934224080757,1
978,0.21817384209243426,1
979,0.9908437184650345,1
980,0.999347551742031,1
981,0.9999929528668073,1
982,0.9976848322943288,1
983,0.9999778624727714,1
984,0.9998666957572282,1
985,0.3854551687265167,1
986,0.870156833253817,1
987,0.9999884621453244,1
988,0.999999884130753,1
989,0.9455761887243823,1
990,0.8466184112807832,1
991,0.9997810259964931,1
992,0.9988918070078582,1
993,0.9998162977245841,1
994,0.9991223719430462,1
995,0.9965227032813968,1
996,0.9999999213036164,1
997,0.9902320452301393,1
998,0.9999985884312733,1
999,0.9746028702337979,1
1000,0.0025808420339984706,1
1001,0.9996946320701151,1
1002,0.007672521162473931,1
1003,0.2745481884606738,1
1004,0.9883434352429197,1
1005,0.9999985201959145,1
1006,0.9992629550369201,1
1007,0.9999695656435682,1
1008,0.8934175859113442,1
1009,0.0292312578720419,1
1010,0.9508742651539838,1
1011,0.9277829423192763,1
1012,0.9950974658046354,1
1013,0.001113558037477926,1
1014,0.9585795484279692,1
1015,0.9999246215788139,1
1016,0.8476852555783833,1
1017,0.999996505494914,1
1018,0.9999812470509309,1
1019,0.9998292362737368,1
1020,0.9993234110239299,1
1021,0.999503950206967,1
1022,0.9981671332813988,1
1023,0.9941968219659042,1
1024,0.2911064717132689,1
1025,0.9941713612107994,1
1026,0.9473688189836216,1
1027,0.864322168406422,1
1028,0.9996093697180775,1
1029,0.9998785748809838,1
1030,0.9999014828681378,1
1031,0.9773985497257238,1
1032,0.004827363677589743,1
1033,0.99999891900742,1
1034,0.9992237994788934,1
1035,0.9997326936997389,1
1036,0.5273437917507666,1
1037,0.9999626401326026,1
1038,0.9986263295059281,1
1039,0.9967641090377752,1
1040,0.027905383459169555,1
1041,0.9863566869155883,1
1042,0.9961744572937303,1
1043,0.8435776724932065,1
1044,0.11190918475427697,1
1045,0.9334935520942829,1
1046,0.9999990256695866,1
1047,0.9999991469423225,1
1048,0.997984014533206,1
1049,0.9998418811697254,1
1050,0.9988762733785287,1
1051,0.9999573754230234,1
1052,0.9989707735459866,1
1053,0.998980424397687,1
1054,0.9999608859352547,1
1055,0.34801694742832445,1
1056,0.9997318017452989,1
1057,0.4172949700177864,1
1058,0.9999971523583233,1
1059,0.9999384915078094,1
1060,0.803563923860882,1
1061,0.9999668125675136,1
1062,0.9995258764122966,1
1063,0.9992322337757797,1
1064,0.9998998163044909,1
1065,0.003730073636940753,1
1066,0.9999999373056455,1
1067,0.9973856213802571,1
1068,0.9985182348499736,1
1069,0.0001314142334796781,1
1070,0.995404875550656,1
1071,0.1049382665591294,1
1072,0.8419745139138581,1
1073,0.9999921846131379,1
1074,0.9984785945413711,1
1075,0.07870124541601857,1
1076,0.9311092503432324,1
1077,0.9942699233383866,1
1078,0.9864900768615849,1
1079,0.992443588141323,1
1080,0.9500669218441514,1
1081,0.9999982757952023,1
1082,0.9983158992676497,1
1083,0.9999994913234814,1
1084,0.9999997312248633,1
1085,0.8874416877929415,1
1086,0.9991224569670087,1
1087,0.09259271820281723,1
1088,0.19039321676294182,1
1089,0.0011301611104049924,1
1090,0.7305712361488527,1
1091,0.9993054198136743,1
1092,0.9859342085980467,1
1093,0.06534238423106889,1
1094,0.883300086397851,1
1095,0.9999595450571843,1
1096,0.5758333573519012,1
1097,0.999998957957887,1
1098,0.9999809708154754,1
1099,0.9999572707986774,1
1100,0.9999946993927902,1
1101,0.8617648903152151,1
1102,0.9998545414513077,1
1103,0.9999887055831129,1
1104,0.0016223849426991936,1
1105,0.999975635568847,1
1106,0.9996870967088478,1
1107,0.0012498751965311543,1
1108,0.9996438306151645,1
1109,0.9999991642276209,1
1110,0.9999751149385876,1
1111,0.9999996260053634,1
1112,0.9998863197686066,1
1113,0.9998075905112196,1
1114,0.11384957891998385,1
1115,0.9994094296384572,1
1116,0.9273788104589162,1
1117,0.005914648040932108,1
1118,0.9828825246603664,1
1119,0.9999074283363676,1
1120,0.9994511256649989,1
1121,0.9105533622307492,1
1122,0.9935153560732027,1
1123,0.9735637242936317,1
1124,0.9950733849946208,1
1125,0.9969460463041286,1
1126,0.9999962444660568,1
1127,0.9918880277830335,1
1128,0.9999867630290368,1
1129,0.9999840680752508,1
1130,0.9992992517400205,1
1131,0.9999831869878077,1
1132,0.9999999082003275,1
1133,0.9999737465214179,1
1134,0.9982273760964877,1
1135,0.9957912089183577,1
1136,0.9988412086841265,1
1137,0.8602423162805152,0
1138,0.038989206656712926,0
1139,0.00017739442528499528,0
1140,1.3336624468844872e-05,0
1141,0.0363337944424616,0
1142,0.00028491093169861185,0
1143,0.0001327120354427175,0
1144,8.083331838298453e-10,0
1145,1.5509569573899726e-05,0
1146,5.0942372762786925e-08,0
1147,6.476760987658191e-09,0
1148,2.3527897147658574e-06,0
1149,5.712866887038333e-09,0
1150,5.590740487101301e-07,0
1151,3.9062449902531506e-07,0
1152,2.0103099816491554e-10,0
1153,3.733102280099299e-09,0
1154,2.09083750408901e-10,0
1155,2.2874359575115753e-08,0
1156,1.4495668333279724e-08,0
1157,8.840279342404608e-09,0
1158,8.322041605836064e-10,0
1159,1.5880924791363663e-08,0
1160,1.2181549804958138e-10,0
1161,1.8768024589413686e-09,0
1162,4.2612345128564013e-07,0
1163,1.7377503177957334e-06,0
1164,1.2884434014558182e-09,0
1165,1.5188443904412663e-10,0
1166,7.767752324595022e-09,0
1167,3.142784515712042e-09,0
1168,0.00010972319301673051,0
1169,2.3174570508730457e-10,0
1170,1.3828140514645371e-10,0
1171,2.0386762880104748e-05,0
1172,3.280978755489351e-10,0
1173,3.1853555808149317e-09,0
1174,5.397483073083867e-06,0
1175,1.2507970504035693e-07,0
1176,9.86688701633009e-10,0
1177,4.690064042412448e-06,0
1178,0.02448566246683313,0
1179,3.064256638605314e-09,0
1180,1.3330904587459762e-09,0
1181,5.949195725567011e-07,0
1182,4.192568232278348e-06,0
1183,1.5188443904412663e-10,0
1184,1.6126689768954258e-10,0
1185,8.552971141096746e-10,0
1186,3.630513290408607e-07,0
1187,1.5891165070333873e-08,0
1188,1.2181549804958138e-10,0
1189,3.599506187387017e-09,0
1190,1.3828140514645371e-10,0
1191,0.00013878037921681764,0
1192,4.38384633448166e-08,0
1193,3.280978755489351e-10,0
1194,4.4740933822845706e-07,0
1195,1.5423428146365116e-07,0
1196,3.8968730232499175e-10,0
1197,5.3676690340013205e-08,0
1198,8.240632863146199e-07,0
1199,1.3473731433404641e-08,0
1200,1.8771955576277675e-06,0
1201,0.0027176880039601298,0
1202,1.2181549804958138e-10,0
1203,2.3218212802794377e-10,0
1204,5.8896685212701906e-05,0
1205,4.122208505816785e-09,0
1206,1.4456040966399627e-09,0
1207,2.893349355487352e-08,0
1208,0.0039376783442045555,0
1209,3.3926734212522045e-05,0
1210,6.673917906263618e-09,0
1211,1.108403672886112e-05,0
1212,6.0559520171364174e-05,0
1213,7.650737234840345e-10,0
1214,0.2053477370254269,0
1215,3.8968730232499175e-10,0
1216,3.2286391789180215e-10,0
1217,2.607228644058901e-08,0
1218,9.729018615735599e-09,0
1219,4.964968402227862e-09,0
1220,4.175417162591916e-05,0
1221,1.741291558623235e-07,0
1222,5.527492245233846e-05,0
1223,5.208364149750406e-09,0
1224,1.2181549804958138e-10,0
1225,2.3174570508730457e-10,0
1226,2.3174570508730457e-10,0
1227,9.130559617296217e-05,0
1228,1.2454188452588844e-08,0
1229,8.081305707866838e-08,0
1230,1.0253169711957252e-06,0
1231,1.2181549804958138e-10,0
1232,3.2286391789180215e-10,0
1233,9.60776533758904e-09,0
1234,5.7239595087222855e-08,0
1235,2.5141298404486503e-09,0
1236,4.683840283291397e-10,0
1237,5.312240257324428e-10,0
1238,3.2321649342129055e-08,0
1239,2.2515154315865e-05,0
1240,3.3125397216871443e-09,0
1241,3.292031824318276e-07,0
1242,1.5188443904412663e-10,0
1243,4.8996726976602344e-08,0
1244,9.970612961776604e-07,0
1245,2.3174570508730457e-10,0
1246,1.6126689768954258e-10,0
1247,4.70622562526728e-10,0
1248,2.918292734918178e-08,0
1249,7.63713886296668e-08,0
1250,5.8513053660354386e-08,0
1251,8.593990405946384e-08,0
1252,1.2799163925206292e-06,0
1253,5.01879199195585e-07,0
1254,3.6697806023844315e-08,0
1255,5.200207328460047e-09,0
1256,5.008226332097652e-10,0
1257,1.7632632029612464e-05,0
1258,3.280978755489351e-10,0
1259,7.287788907883792e-09,0
1260,6.744403536910476e-07,0
1261,3.280978755489351e-10,0
1262,5.641038238982381e-09,0
1263,5.495339333347898e-06,0
1264,0.5485595786209855,0
1265,5.3485727739882613e-08,0
1266,8.543540052632436e-09,0
1267,3.339534292948462e-07,0
1268,3.744381904979713e-09,0
1269,1.5188443904412663e-10,0
1270,2.2933862458203398e-07,0
1271,1.6146595754072303e-05,0
1272,8.240499851915923e-07,0
1273,0.0007575478391781666,0
1274,7.583837844780657e-08,0
1275,0.0011058700689042817,0
1276,3.2081860778947e-09,0
1277,2.3174570508730457e-10,0
1278,4.2207336138955713e-10,0
1279,0.00016618448840165494,0
1280,6.534135831826215e-10,0
1281,3.378023207636883e-09,0
1282,1.542035080029265e-08,0
1283,0.0007683104579338117,0
1284,0.3056265286296393,0
1285,2.4858989828503915e-09,0
1286,7.802788420701597e-08,0
1287,1.0616510887293143e-09,0
1288,3.280978755489351e-10,0
1289,9.504974671133915e-07,0
1290,0.005741945520486234,0
1291,1.953165516453548e-10,0
1292,3.2286391789180215e-10,0
1293,1.1866476891373222e-07,0
1294,1.5161345422366405e-07,0
1295,6.616087473625431e-05,0
1296,4.292906787916982e-09,0
1297,5.715524669751182e-09,0
1298,6.796392232784084e-10,0
1299,1.0691951311546565e-07,0
1300,4.958448735318809e-07,0
1301,2.4407238037369094e-09,0
1302,0.03294056134120098,0
1303,1.1103282344776907e-08,0
1304,2.2949305697290048e-09,0
1305,5.3992582820497574e-08,0
1306,4.254118514774154e-06,0
1307,2.3017750316441932e-07,0
1308,2.9315904260274127e-07,0
1309,3.262670256804325e-07,0
1310,0.0003649354292195403,0
1311,3.578363647171452e-07,0
1312,1.5399597202644527e-09,0
1313,6.422320788961366e-07,0
1314,2.3218212802794377e-10,0
1315,1.0525632110644156e-09,0
1316,1.5867676144835942e-09,0
1317,3.767374654522727e-05,0
1318,2.925950682836776e-09,0
1319,1.3828140514645371e-10,0
1320,3.5971334017166382e-09,0
1321,3.8968730232499175e-10,0
1322,6.565005952527337e-07,0
1323,2.6371529155168987e-07,0
1324,1.5188443904412663e-10,0
1325,1.706450995438027e-08,0
1326,7.423695805623964e-08,0
1327,1.5719637439161701e-09,0
1328,9.115386019462522e-05,0
1329,2.0103099816491554e-10,0
1330,3.2286391789180215e-10,0
1331,5.197666283298388e-07,0
1332,0.13081809323629637,0
1333,3.2031467603750716e-08,0
1334,9.451509066256171e-09,0
1335,1.4185254821513466e-09,0
1336,1.953165516453548e-10,0
1337,3.2286391789180215e-10,0
1338,7.344436717969708e-07,0
1339,3.8085481705448643e-07,0
1340,7.1665323301398455e-09,0
1341,9.36739417181201e-09,0
1342,3.200705798503107e-08,0
1343,4.0418226483395716e-05,0
1344,2.3218212802794377e-10,0
1345,6.445388180719013e-08,0
1346,2.9116570430197268e-08,0
1347,1.4089821549523378e-08,0
1348,9.550962063233953e-09,0
1349,1.5621868932782224e-10,0
1350,7.982551857135135e-10,0
1351,2.127349456470653e-07,0
1352,0.0006078880139705801,0
1353,1.9399796101568982e-09,0
1354,0.7588539989850007,0
1355,3.874388420818141e-09,0
1356,0.013549371866487414,0
1357,3.3657073548058804e-07,0
1358,9.884027832825958e-08,0
1359,4.094466154577944e-05,0
1360,1.3251655649399147e-05,0
1361,4.884456015992862e-10,0
1362,1.1403263324322975e-07,0
1363,4.084462968993693e-06,0
1364,2.2343797510877734e-08,0
1365,1.9361545859014955e-10,0
1366,7.983336817181331e-09,0
1367,2.6799062248437146e-08,0
1368,1.960644897283897e-08,0
1369,1.6982487198853822e-09,0
1370,7.099684777205804e-05,0
1371,1.611959527831755e-05,0
1372,4.1250791261110366e-08,0
1373,5.895456705283437e-09,0
1374,2.1611482776658415e-07,0
1375,1.5188443904412663e-10,0
1376,4.564528039206334e-08,0
1377,7.450739702274177e-07,0
1378,2.6592217939999575e-07,0
1379,3.8968730232499175e-10,0
1380,1.5505717763664344e-06,0
1381,3.280978755489351e-10,0
1382,8.276374887162791e-08,0
1383,9.097096640696975e-07,0
1384,6.758838826910881e-10,0
1385,3.4595640617597613e-10,0
1386,1.0248642585358145e-09,0
1387,1.0558541437056332e-06,0
1388,0.0009733134677961787,0
1389,1.1845640139848565e-07,0
1390,3.9571924329619e-08,0
1391,1.067829179186426e-07,0
1392,1.096870401425401e-09,0
1393,3.280469392850737e-08,0
1394,3.991027077863885e-05,0
1395,3.283827514873457e-09,0
1396,5.4319306702328515e-09,0
1397,9.34333685061421e-09,0
1398,1.8934138039904243e-09,0
1399,3.4974712810445598e-09,0
1400,2.063792241912863e-09,0
1401,2.2075799208392287e-08,0
1402,3.564285214636834e-06,0
1403,3.280978755489351e-10,0
1404,3.7759188587627334e-06,0
1405,2.0208325312860097e-09,0
1406,7.340625612251684e-09,0
1407,3.203832013096227e-05,0
1408,3.064256638605314e-09,0
1409,1.2181549804958138e-10,0
1410,3.5225524519627143e-06,0
1411,1.649854666497608e-10,0
1412,4.096352840915059e-09,0
1413,1.271731393490498e-06,0
1414,0.00796313373258046,0
1415,3.898417884427857e-08,0
1416,1.9361545859014955e-10,0
1417,3.935996144223998e-09,0
1418,6.895868607605999e-08,0
1419,5.262809165150834e-09,0
1420,1.7256569103821079e-10,0
1421,9.50702825032038e-09,0
1422,1.2961105120378461e-08,0
1423,0.0056288689480809,0
1424,2.898556223103428e-07,0
1425,4.5688147339002516e-07,0
1426,3.242663395767585e-08,0
1427,0.0007025399876488738,0
1428,1.9952676550709695e-09,0
1429,1.7256569103821079e-10,0
1430,4.106355491328864e-06,0
1431,9.47496770549024e-10,0
1432,5.943639374295676e-08,0
1433,3.9456707020853425e-08,0
1434,2.658424911147037e-10,0
1435,3.2915538447769877e-10,0
1436,3.219440762293093e-09,0
1437,0.9620838282964267,0
1438,2.4260829536241673e-10,0
1439,5.376979491034701e-07,0
1440,9.706291964248066e-09,0
1441,0.00033187660742963924,0
1442,3.3535836051511347e-08,0
1443,1.013686893143882e-07,0
1444,5.0471710243980115e-08,0
1445,3.2288529962668546e-08,0
1446,4.875772201516394e-07,0
1447,2.4000112593660005e-07,0
1448,5.311844561337147e-08,0
1449,0.0012956698833509585,0
1450,1.6029400030203897e-09,0
1451,4.733554299595238e-10,0
1452,3.67862169503888e-08,0
1453,4.7068881373077796e-07,0
1454,1.1426452399150318e-07,0
1455,5.566931080723531e-09,0
1456,5.476369330811673e-08,0
1457,2.6206166393438658e-09,0
1458,9.777322662798512e-08,0
1459,2.380991258045126e-06,0
1460,2.307328190223093e-07,0
1461,3.1567606524968957e-10,0
1462,0.14501849095088254,0
1463,4.371589655289704e-07,0
1464,1.3636010394891057e-08,0
1465,2.1517351958587676e-10,0
1466,2.1443795585227619e-10,0
1467,2.1323297628840395e-07,0
1468,4.992457282677696e-10,0
1469,2.8906394561135952e-09,0
1470,2.9485992206396827e-05,0
1471,7.196457334402392e-07,0
1472,2.4260829536241673e-10,0
1473,0.0016747602288325375,0
1474,1.105537970165897e-08,0
1475,2.1089151562997625e-07,0
1476,4.3582550939754724e-10,0
1477,9.29840476281376e-08,0
1478,2.0241640960473686e-09,0
1479,8.940147995654716e-09,0
1480,7.753054893074174e-08,0
1481,9.517391635553186e-09,0
1482,1.780478339994676e-08,0
1483,1.5824794057580432e-09,0
1484,1.953708491495027e-05,0
1485,6.101923386541333e-08,0
1486,4.512303240888019e-08,0
1487,6.710466739262443e-10,0
1488,2.721689084601055e-06,0
1489,6.20408941649636e-10,0
1490,2.1443795585227619e-10,0
1491,1.4079059329271022e-06,0
1492,0.9682025679712365,0
1493,1.106728355497652e-08,0
1494,1.4226092390872807e-09,0
1495,3.230507559001345e-09,0
1496,1.7256569103821079e-10,0
1497,6.14800377270424e-08,0
1498,1.554909381074605e-10,0
1499,1.9509127367417674e-08,0
1500,5.930436792107799e-06,0
1501,3.353952063288058e-08,0
1502,3.2915538447769877e-10,0
1503,0.0012611814695609913,0
1504,7.567944302924615e-10,0
1505,0.0032470926942036447,0
1506,1.9542456086528408e-05,0
1507,2.722274932874152e-06,0
1508,3.300911370338816e-09,0
1509,3.8968730232499175e-10,0
1510,1.9536009812849488e-07,0
1511,7.013644421281702e-10,0
1512,3.704560908642418e-05,0
1513,1.832137848358951e-05,0
1514,3.8889478782481425e-10,0
1515,2.8679580095678404e-08,0
1516,2.0103099816491554e-10,0
1517,3.405908884855987e-08,0
1518,2.8622552463134168e-05,0
1519,3.2286391789180215e-10,0
1520,6.291741839900465e-07,0
1521,3.6698844198708783e-06,0
1522,1.953165516453548e-10,0
1523,2.733357333697934e-07,0
1524,4.033250548984769e-09,0
1525,6.748985560716562e-05,0
1526,5.84438660073036e-06,0
1527,1.2714425148238165e-05,0
1528,1.7940059500331388e-09,0
1529,4.773188725919152e-07,0
1530,7.574138178361152e-10,0
1531,3.2903233567372712e-09,0
1532,1.864507036290496e-08,0
1533,0.06117577673130369,0
1534,8.290139201828379e-07,0
1535,2.4553063474238628e-08,0
1536,7.981902232036136e-10,0
1537,4.338597669732009e-10,0
1538,2.1443795585227619e-10,0
1539,4.988607197016242e-09,0
1540,1.1738246471841163e-05,0
1541,1.5188443904412663e-10,0
1542,0.9526171092624321,0
1543,3.8534496790171055e-09,0
1544,5.299602170648049e-10,0
1545,8.307650435586629e-09,0
1546,1.953165516453548e-10,0
1547,2.843248100904943e-09,0
1548,1.2264992449433692e-08,0
1549,1.84704469547356e-07,0
1550,3.1553187227365495e-08,0
1551,6.298162008551545e-10,0
1552,0.0015652107775739128,0
1553,4.4534157345904645e-08,0
1554,9.813673259356284e-10,0
1555,1.491904869891411e-05,0
1556,3.767185944633324e-07,0
1557,1.4089821549523378e-08,0
1558,2.0103099816491554e-10,0
1559,2.5738268944710353e-09,0
1560,1.0359897351651007e-08,0
1561,5.411462603213596e-09,0
1562,9.015819354622413e-09,0
1563,8.32476219206708e-09,0
1564,2.201567877706968e-09,0
1565,1.1316848495870823e-07,0
1566,4.1942451812861295e-09,0
1567,9.285742023309946e-09,0
1568,1.0540700100539435e-07,0
1569,6.797424967000927e-08,0
1570,6.980765779971507e-05,0
1571,3.1567606524968957e-10,0
1572,3.00702829968537e-06,0
1573,6.860089748042887e-07,0
1574,1.0159261849010748e-08,0
1575,4.258748615816875e-09,0
1576,3.0969315310137734e-08,0
1577,3.939108129233937e-09,0
1578,1.4860350504728637e-08,0
1579,3.518772234058047e-06,0
1580,7.992745267884439e-09,0
1581,3.415412300041941e-09,0
1582,3.1622714625408536e-07,0
1583,0.07647210108487071,0
1584,2.5663119618852436e-05,0
1585,1.5655338925668012e-06,0
1586,1.4003993316614779e-07,0
1587,4.3582550939754724e-10,0
1588,1.9010068622406036e-05,0
1589,6.05929159920266e-10,0
1590,1.0318529968671648e-07,0
1591,3.2525009365288685e-06,0
1592,6.129669805198579e-10,0
1593,1.5517779633890708e-09,0
1594,1.5621868932782224e-10,0
1595,8.738533804068572e-10,0
1596,1.2273507352234685e-08,0
1597,2.2657871676115518e-08,0
1598,1.7531261751288408e-07,0
1599,2.9893723848371806e-08,0
1600,2.0241640960473686e-09,0
1601,1.2175344383865538e-08,0
1602,0.25419344175944225,0
1603,2.176922032491388e-08,0
1604,4.5666593518916505e-08,0
1605,6.895746709010118e-10,0
1606,3.598957446778323e-10,0
1607,2.3218485098266372e-08,0
1608,4.2824116357973935e-10,0
1609,4.790323809831374e-09,0
1610,7.68913373245581e-09,0
1611,1.0026823105652318e-05,0
1612,4.3582550939754724e-10,0
1613,1.2446952089971353e-05,0
1614,4.102696203192396e-08,0
1615,5.916991257622376e-09,0
1616,4.967856227579825e-07,0
1617,1.1557366224538526e-06,0
1618,1.554909381074605e-10,0
1619,1.5621868932782224e-10,0
1620,1.504494893070149e-09,0
1621,3.354680045656807e-09,0
1622,6.607206365575338e-09,0
1623,6.520478284852292e-06,0
1624,2.76639591735144e-08,0
1625,6.55647056687763e-10,0
1626,1.1072626891048069e-07,0
1627,9.535188472834688e-10,0
1628,4.569322759202427e-06,0
1629,8.365066142079759e-06,0
1630,0.08567493120062876,0
1631,0.0001258736015679202,0
1632,8.93606086941003e-06,0
1633,1.319243214843583e-06,0
1634,9.07305959523239e-09,0
1635,7.472464575243872e-07,0
1636,1.2004265922968765e-06,0
1637,2.299709868479989e-09,0
1638,5.682522685400041e-07,0
1639,0.0009932427711507597,0
1640,2.2642618509380133e-09,0
1641,3.198924415673518e-09,0
1642,2.0369561990927263e-07,0
1643,2.1517351958587676e-10,0
1644,1.4625338358787983e-09,0
1645,2.5590502855866604e-05,0
1646,1.548348422402015e-07,0
1647,1.2613650449141168e-06,0
1648,4.1542361977712673e-07,0
1649,1.554909381074605e-10,0
1650,7.493048803351718e-09,0
1651,8.827768657876097e-08,0
1652,1.5159176569557808e-07,0
1653,1.7268310962503697e-06,0
1654,9.48940874118368e-06,0
1655,2.3482431860734254e-09,0
1656,6.908891307613277e-06,0
1657,5.886248749988896e-09,0
1658,2.011344254036644e-09,0
1659,2.254242117409247e-10,0
1660,1.554909381074605e-10,0
1661,4.3582550939754724e-10,0
1662,1.983242878386589e-08,0
1663,4.617067849498833e-07,0
1664,0.00011086917310649557,0
1665,2.1443795585227619e-10,0
1666,2.1443795585227619e-10,0
1667,8.849952278456375e-10,0
1668,2.0370141108453356e-08,0
1669,5.732598862356669e-08,0
1670,2.725258406910069e-08,0
1671,2.1443795585227619e-10,0
1672,6.30768446138342e-08,0
1673,3.1567606524968957e-10,0
1674,2.9001391401341778e-08,0
1675,1.5956440125963102e-10,0
1676,1.554909381074605e-10,0
1677,2.1597428620290488e-10,0
1678,1.1890397055761648e-08,0
1679,2.4260829536241673e-10,0
1680,3.2784973063661075e-09,0
1681,3.8378039129277554e-08,0
1682,4.530239391621014e-08,0
1683,2.6887708998049222e-08,0
1684,2.4260829536241673e-10,0
1685,3.2032543151651233e-07,0
1686,3.943692066917782e-09,0
1687,1.0954279157755016e-05,0
1688,1.3673874191749869e-06,0
1689,1.554909381074605e-10,0
1690,5.7456721798870955e-08,0
1691,5.156875058600278e-10,0
1692,2.9979028583360053e-07,0
1693,5.659886427374373e-09,0
1694,2.727240018017602e-07,0
1695,0.06187585566464708,0
1696,6.935171898762031e-10,0
1697,3.047953658071274e-07,0
1698,1.2798971937814858e-08,0
1699,5.059297932105837e-10,0
1700,4.2183126811096645e-09,0
1701,4.82385732820366e-10,0
1702,5.694072347478839e-07,0
1703,3.3999534827319945e-06,0
1704,4.622500631030047e-06,0
1705,8.46174284052526e-08,0
1706,4.3582550939754724e-10,0
1707,2.1443795585227619e-10,0
1708,1.936698448872512e-05,0
1709,3.475860551614074e-10,0
1710,1.5621868932782224e-10,0
1711,2.1030797350739366e-09,0
1712,7.135831278292545e-08,0
1713,3.2892338914590775e-07,0
1714,4.3582550939754724e-10,0
1715,1.1384499266859646e-09,0
1716,2.6263175474849706e-08,0
1717,1.8450861659356634e-08,0
1718,3.726322765919049e-05,0
1719,2.767701077036026e-09,0
1720,2.8497916331235873e-07,0
1721,9.119725847825665e-10,0
1722,1.554909381074605e-10,0
1723,1.5437451968630856e-08,0
1724,1.583522445307873e-05,0
1725,4.4590969526865067e-05,0
1726,8.139602511347987e-08,0
1727,1.5621868932782224e-10,0
1728,1.121796136390084e-08,0
1729,2.9523238803302766e-09,0
1730,2.529165086224457e-07,0
1731,2.0385767206288998e-08,0
1732,2.5829708952637857e-07,0
1733,8.241166899491718e-10,0
1734,1.734023630788693e-07,0
1735,1.056040191966432e-09,0
1736,4.818599728875948e-09,0
1737,2.4260829536241673e-10,0
1738,1.2227035755021373e-09,0
1739,6.529955607455502e-08,0
1740,9.249537961045297e-08,0
1741,2.844126486947437e-09,0
1742,4.176897056067571e-07,0
1743,2.330034540074768e-09,0
1744,0.00045409897933755815,0
1745,1.0930650714962931e-07,0
1746,2.7524116429345595e-07,0
1747,4.7587468543507535e-09,0
1748,1.7896100579517553e-09,0
1749,8.250509676366212e-09,0
1750,1.7256569103821079e-10,0
1751,1.5621868932782224e-10,0
1752,1.1728326690023218e-09,0
1753,2.221341884497921e-06,0
1754,4.31117181094167e-09,0
1755,1.554909381074605e-10,0
1756,1.778931340339536e-10,0
1757,2.8908455956606384e-10,0
1758,2.5567419667901875e-08,0
1759,3.0797205286540753e-09,0
1760,3.1685950254289945e-09,0
1761,0.004605432997389595,0
1762,2.4260829536241673e-10,0
1763,1.6728299748722358e-10,0
1764,2.1905154397972857e-09,0
1765,4.9214270001709604e-08,0
1766,8.700927383244524e-05,0
1767,4.3583275196240646e-05,0
1768,1.040273975740228e-09,0
1769,1.4046365268830073e-07,0
1770,2.4077731920776965e-08,0
1771,0.00016807867472125378,0
1772,1.0280111935020163e-07,0
1773,2.7684023066229095e-08,0
1774,1.1152442695161324e-09,0
1775,1.554909381074605e-10,0
1776,3.2949860824740703e-09,0
1777,9.184679144933418e-09,0
1778,4.526185570286467e-08,0
1779,2.149953177594139e-09,0
1780,9.878438129602414e-10,0
1781,7.201547360380409e-07,0
1782,1.3280812432734126e-06,0
1783,3.587087753250643e-08,0
1784,1.694905378126787e-06,0
1785,5.126668520562879e-09,0
1786,3.2156820086201205e-10,0
1787,1.6126689768954258e-10,0
1788,9.70231991584561e-10,0
1789,0.015298927467444979,0
1790,5.125629292656254e-09,0
1791,0.00014615933411249476,0
1792,3.781710515283347e-08,0
1793,2.1443795585227619e-10,0
1794,8.213597393986175e-08,0
1795,3.3367404869566236e-09,0
1796,0.0001272402625222555,0
1797,8.264766569728187e-09,0
1798,1.459488542730278e-07,0
1799,4.964651292328842e-09,0
1800,4.550480811074654e-08,0
1801,3.021696113914773e-09,0
1802,2.2020782954839914e-06,0
1803,2.761082303982948e-07,0
1804,3.032371860432991e-05,0
1805,5.531611530252671e-09,0
1806,2.0182157067379647e-09,0
1807,2.4260829536241673e-10,0
1808,1.069026874523691e-09,0
1809,2.2589167629396264e-08,0
1810,1.5615162497472196e-06,0
1811,3.5275891610403124e-07,0
1812,0.9931801336482008,0
1813,1.9361545859014955e-10,0
1814,0.0013068044840542194,0
1815,3.8393332376891545e-09,0
1816,2.4244519211573544e-07,0
1817,1.425669898429878e-09,0
1818,5.940720571163863e-08,0
1819,2.7833777857458852e-08,0
1820,1.4899842438197268e-07,0
1821,2.1443795585227619e-10,0
1822,5.528573973638678e-09,0
1823,1.953165516453548e-10,0
1824,2.0346296066638335e-09,0
1825,4.5068777203329077e-10,0
1826,3.64433186353333e-08,0
1827,0.0001518579396004016,0
1828,7.550433460711181e-08,0
1829,0.5520060697747521,0
1830,4.9604158346613905e-05,0
1831,3.280978755489351e-10,0
1832,4.36670823354323e-09,0
1833,7.350641192647274e-10,0
1834,7.996448287080662e-08,0
1835,0.0001692898792693657,0
1836,1.6837545750664814e-06,0
1837,2.3174570508730457e-10,0
1838,2.1093165248256374e-09,0
1839,3.280978755489351e-10,0
1840,2.5657438742202654e-08,0
1841,9.631117091621816e-05,0
1842,2.9251313801436684e-05,0
1843,3.280978755489351e-10,0
1844,1.4724230726340032e-08,0
1845,3.2915538447769877e-10,0
1846,1.0154429574557695e-08,0
1847,1.9412729942261486e-07,0
1848,1.6754522819858703e-10,0
1849,8.70997935023729e-07,0
1850,3.1567606524968957e-10,0
1851,1.5621868932782224e-10,0
1852,4.400351177855298e-08,0
1853,2.979168563478323e-10,0
1854,2.1443795585227619e-10,0
1855,1.1001126239451192e-09,0
1856,2.538984505756015e-08,0
1857,3.3828567964960946e-08,0
1858,1.8972436632725147e-08,0
1859,2.6679556554896735e-08,0
1860,2.595237573697262e-05,0
1861,3.2915538447769877e-10,0
1862,1.4729833055983704e-06,0
1863,1.770880072762755e-08,0
1864,4.300701810800227e-08,0
1865,9.490898421016525e-08,0
1866,1.6813345586145852e-06,0
1867,1.4522752603891006e-08,0
1868,6.4397203057906285e-09,0
1869,2.1443795585227619e-10,0
1870,1.1903632535721225e-08,0
1871,1.1575572704067298e-07,0
1872,7.411102328534899e-08,0
1873,4.0182755447065844e-08,0
1874,4.8499703096502415e-09,0
1875,2.4729645750373928e-08,0
1876,3.493901800676659e-05,0
1877,1.863144965919936e-07,0
1878,3.913429637937122e-07,0
1879,2.1867806928852272e-08,0
1880,1.1260839423399353e-05,0
1881,3.9550553929221645e-09,0
1882,2.179984519934699e-09,0
1883,1.7256569103821079e-10,0
1884,9.2313920807848e-10,0
1885,1.712390491620029e-06,0
1886,3.1567606524968957e-10,0
1887,8.68781840837214e-08,0
1888,5.229257805236021e-06,0
1889,7.333668783502226e-09,0
1890,6.435729558570742e-10,0
1891,3.2915538447769877e-10,0
1892,6.30087196569873e-10,0
1893,1.1002268417493704e-05,0
1894,1.7423006000069014e-09,0
1895,3.909611226502655e-06,0
1896,4.2001566416463665e-09,0
1897,2.4260829536241673e-10,0
1898,1.4089821549523378e-08,0
1899,7.176226152228875e-08,0
1900,2.8861013010866095e-09,0
1901,1.0710505622389471e-07,0
1902,3.1567606524968957e-10,0
1903,0.5251841085990074,0
1904,8.676818410275922e-08,0
1905,1.9530520385145776e-09,0
1906,2.819993437459728e-07,0
1907,3.945458972949701e-07,0
1908,2.4733222905266243e-10,0
1909,2.0103482451082101e-10,0
1910,1.5931746572032104e-09,0
1911,8.758475221819384e-09,0
1912,2.254242117409247e-10,0
1913,5.55130890763125e-09,0
1914,1.112720472720997e-05,0
1915,4.1860730365937596e-08,0
1916,1.554909381074605e-10,0
1917,5.017260354830176e-06,0
1918,1.3261296849096312e-06,0
1919,4.927731220858335e-09,0
1920,7.816883145964616e-05,0
1921,1.3828140514645371e-10,0
1922,1.8822818253669377e-07,0
1923,1.3828140514645371e-10,0
1924,1.3452223392727819e-08,0
1925,2.77811572645155e-07,0
1926,9.609374738349484e-08,0
1927,0.0015200436616102007,0
1928,1.0455016905376285e-07,0
1929,2.900661036554127e-09,0
1930,1.2269524206284596e-08,0
1931,2.5358456733976387e-08,0
1932,4.268126618041589e-09,0
1933,2.0429009556975274e-09,0
1934,1.1797933433162198e-08,0
1935,3.2489274621460975e-09,0
1936,1.2124793603942715e-06,0
1937,1.2181549804958138e-10,0
1938,9.080397648636838e-10,0
1939,4.060804896580503e-08,0
1940,0.00021274870917490827,0
1941,4.154029356279455e-09,0
1942,5.480393292681741e-08,0
1943,1.3828140514645371e-10,0
1944,0.0002410880029763109,0
1945,1.0658324957985149e-07,0
1946,8.700643655788144e-09,0
1947,1.8536752129502748e-07,0
1948,4.2195608825279764e-10,0
1949,3.2286391789180215e-10,0
1950,2.0622932709165601e-07,0
1951,1.2901412633573384e-09,0
1952,1.6944777554620184e-07,0
1953,7.122174065895234e-10,0
1954,1.2181549804958138e-10,0
1955,2.647606075710212e-09,0
1956,1.9521627593794066e-06,0
1957,2.717619220950834e-10,0
1958,4.5086553062907035e-07,0
1959,2.245941383435592e-08,0
1960,4.323339389704732e-10,0
1961,7.048854642893808e-06,0
1962,4.176156455147626e-07,0
1963,3.1641391452738808e-09,0
1964,3.029637074867684e-08,0
1965,3.274525809010809e-09,0
1966,5.73957487885212e-06,0
1967,2.576357880697754e-10,0
1968,1.397348031341885e-08,0
1969,8.436089196729023e-10,0
1970,2.3642108305075806e-09,0
1971,2.188484235919909e-06,0
1972,9.233343648888511e-08,0
1973,8.653347017184189e-06,0
1974,2.5419329967376764e-05,0
1975,7.982551857135135e-10,0
1976,3.349403700673558e-09,0
1977,3.4845019448103837e-09,0
1978,5.870159048093223e-10,0
1979,1.9361545859014955e-10,0
1980,2.1597428620290488e-10,0
1981,0.0031978273807410054,0
1982,5.063285052142148e-10,0
1983,4.745325785878959e-09,0
1984,2.902774607946776e-07,0
1985,7.597630246869059e-09,0
1986,2.0248306023894627e-09,0
1987,4.819668183930135e-08,0
1988,6.787662981432601e-09,0
1989,6.532668274451066e-06,0
1990,4.375526786315392e-09,0
1991,0.0006249415846265859,0
1992,6.10102349574478e-08,0
1993,1.7642278576909514e-09,0
1994,1.2958382408958085e-08,0
1995,5.553405906123043e-10,0
1996,6.491125672127704e-10,0
1997,4.152276397955922e-09,0
1998,1.5621868932782224e-10,0
1999,5.310526370378021e-07,0
2000,2.5343329735353364e-10,0
2001,1.4015391749535119e-09,0
2002,5.6311013523751365e-06,0
2003,7.548142109381683e-08,0
2004,0.0010494919448494882,0
2005,3.2915538447769877e-10,0
2006,1.554909381074605e-10,0
2007,1.6718685486855455e-08,0
2008,5.7294852225389065e-08,0
2009,4.3582550939754724e-10,0
2010,0.000462474169264658,0
2011,1.554909381074605e-10,0
2012,1.9361545859014955e-10,0
2013,9.833444682753637e-09,0
2014,0.00010783192410860307,0
2015,3.1567606524968957e-10,0
2016,3.2915538447769877e-10,0
2017,2.1443795585227619e-10,0
2018,1.5621868932782224e-10,0
2019,4.3158341232748446e-09,0
2020,3.1567606524968957e-10,0
2021,5.98726349457827e-09,0
2022,6.219449942110618e-05,0
2023,1.3685438536919925e-08,0
2024,4.307710319418778e-09,0
2025,1.9361545859014955e-10,0
2026,7.567491886751736e-07,0
2027,1.2041245031082588e-07,0
2028,7.313334441860113e-09,0
2029,2.4260829536241673e-10,0
2030,3.233576765138277e-09,0
2031,2.1691157003245998e-10,0
2032,2.1517351958587676e-10,0
2033,3.9805034938939364e-07,0
2034,3.280978755489351e-10,0
2035,4.557612689634593e-10,0
2036,0.0001446047671448237,0
2037,5.2674138024024844e-05,0
2038,1.7256569103821079e-10,0
2039,9.968906432725207e-08,0
2040,0.00011833339008370096,0
2041,1.9792924278718938e-09,0
2042,2.941255039799449e-07,0
2043,2.0775960194862362e-08,0
2044,3.161985523994637e-09,0
2045,2.1443795585227619e-10,0
2046,1.5621868932782224e-10,0
2047,1.7256569103821079e-10,0
2048,3.775255497214422e-05,0
2049,2.3174570508730457e-10,0
2050,1.526330096962735e-08,0
2051,6.890945736735114e-10,0
2052,3.357271676256786e-09,0
2053,4.3582550939754724e-10,0
2054,4.03702550717159e-09,0
2055,4.3582550939754724e-10,0
2056,2.4260829536241673e-10,0
2057,5.996469693873738e-08,0
2058,0.00019420255097652646,0
2059,3.2202280061217037e-10,0
2060,9.699380975241826e-09,0
2061,3.1567606524968957e-10,0
2062,2.8210930676031255e-07,0
2063,3.176737786431728e-09,0
2064,1.0132979860944456e-07,0
2065,4.3582550939754724e-10,0
2066,1.627185452676784e-05,0
2067,9.704924426632889e-09,0
2068,7.261567166413679e-08,0
2069,1.5720225796491752e-09,0
2070,2.4730237884777514e-09,0
2071,9.26143478272898e-09,0
2072,1.5621868932782224e-10,0
2073,5.975918758644911e-07,0
2074,1.5720225796491752e-09,0
2075,5.466398327254731e-07,0
2076,2.325168696384359e-09,0
2077,2.260935106190392e-08,0
2078,5.057873577679219e-09,0
2079,9.65821347899116e-10,0
2080,7.709001115310461e-07,0
2081,4.541117109328279e-09,0
2082,2.1443795585227619e-10,0
2083,2.4830658666648584e-07,0
2084,1.1524400167641853e-09,0
2085,2.69401171664807e-09,0
2086,4.238472405142757e-08,0
2087,8.354298071565424e-08,0
2088,0.08077273903662767,0
2089,7.465854552588068e-08,0
2090,9.301830703871722e-09,0
2091,1.1787006805206308e-09,0
2092,4.397371030216343e-09,0
2093,7.908146389137547e-10,0
2094,3.5119867641798673e-06,0
2095,2.0549782560381677e-08,0
2096,7.255132014782246e-08,0
2097,1.7641014373033918e-09,0
2098,1.3794990948459786e-06,0
2099,2.0103099816491554e-10,0
2100,3.2286391789180215e-10,0
2101,6.0982418848908476e-09,0
2102,6.153819270261439e-09,0
2103,2.0192716798584598e-07,0
2104,5.038189266135779e-10,0
2105,2.3174570508730457e-10,0
2106,2.874693606511959e-09,0
2107,1.7841330402880655e-07,0
2108,1.3828140514645371e-10,0
2109,3.178623514468039e-05,0
2110,1.3335599612944709e-08,0
2111,3.5954001279554008e-09,0
2112,3.126373411877065e-08,0
2113,1.1696499180886455e-05,0
2114,1.6126689768954258e-10,0
2115,1.1424806454327993e-05,0
2116,3.2286391789180215e-10,0
2117,4.088296407125677e-09,0
2118,2.0947241677278884e-09,0
2119,2.5381666045631077e-07,0
2120,4.3938354691394967e-05,0
2121,1.120779868651592e-08,0
2122,2.929372164813884e-06,0
2123,4.8110568866160805e-08,0
2124,2.489560812683139e-06,0
2125,2.4513012903383842e-08,0
2126,6.858397354824276e-08,0
2127,2.1866154894865946e-07,0
2128,6.436001704235502e-09,0
2129,3.090184489466316e-09,0
2130,3.2286391789180215e-10,0
2131,4.2243694827683346e-09,0
2132,1.656999420025763e-09,0
2133,1.8798119841731522e-06,0
2134,4.479269440862737e-07,0
2135,2.7193136817968344e-05,0
2136,0.0007549167753822689,0
2137,2.0442600479285295e-05,0
2138,1.643227978906686e-09,0
2139,2.1746547374878072e-08,0
2140,1.554909381074605e-10,0
2141,6.155746852400539e-10,0
2142,3.4046033352002005e-08,0
2143,1.6569004974624613e-07,0
2144,0.0026648740165464728,0
2145,9.197415063317066e-08,0
2146,2.2409320424899955e-08,0
2147,8.0636931139787e-09,0
2148,1.0339911627194616e-09,0
2149,3.617099417608421e-07,0
2150,1.6966653924536088e-09,0
2151,2.2693611480417952e-07,0
2152,5.0349661414218914e-09,0
2153,1.4550192847456472e-08,0
2154,1.4066724239875736e-08,0
2155,0.00015516339090983853,0
2156,2.1470870401672582e-06,0
2157,1.0035789056398192e-07,0
2158,1.9361545859014955e-10,0
2159,1.612159521486997e-06,0
2160,3.064256638605314e-09,0
2161,3.36350309949983e-08,0
2162,0.9967446729864304,0
2163,7.837480553803039e-10,0
2164,3.280978755489351e-10,0
2165,2.8779355963809912e-08,0
2166,1.992177897720859e-09,0
2167,3.4756537771721443e-10,0
2168,8.463787042256144e-05,0
2169,6.3536927973774166e-06,0
2170,1.0109375767066185e-06,0
2171,7.788046764046254e-08,0
2172,8.982492119865603e-06,0
2173,0.03319894473266751,0
2174,1.2668897791266932e-07,0
2175,1.276648861625581e-09,0
2176,6.723086999344069e-07,0
2177,3.2514954476897495e-09,0
2178,2.4155231223963036e-08,0
2179,4.2195608825279764e-10,0
2180,2.415019426837213e-09,0
2181,3.6031205194293005e-09,0
2182,8.519939048915873e-08,0
2183,3.225304811893453e-08,0
2184,6.424132233371725e-09,0
2185,1.592205169410565e-09,0
2186,4.817721114127638e-08,0
2187,4.916475567062818e-08,0
2188,2.2113979488014256e-05,0
2189,0.0006298927661329427,0
2190,3.0306858854373635e-08,0
2191,5.014621920685334e-10,0
2192,5.576601518576332e-06,0
2193,7.059697771627197e-08,0
2194,3.2915538447769877e-10,0
2195,2.2436328340463178e-09,0
2196,1.3022122106613263e-08,0
2197,0.5141870975765066,0
2198,2.7358760089929703e-08,0
2199,9.774974574856345e-09,0
2200,8.634041220590785e-10,0
2201,3.7022293864462294e-07,0
2202,7.770103385610077e-08,0
2203,0.11605516884552183,0
2204,2.270596801013657e-08,0
2205,3.603290049509889e-09,0
2206,0.0001454928961896262,0
2207,2.0103099816491554e-10,0
2208,0.000236427282572488,0
2209,3.8540164634441285e-07,0
2210,1.3207973207048499e-05,0
2211,0.00016739750933429795,0
2212,5.530078345995216e-07,0
2213,3.876410281451501e-08,0
2214,2.6560377438125875e-08,0
2215,4.010992748155659e-08,0
2216,4.737162163205453e-08,0
2217,1.953165516453548e-10,0
2218,8.493345486196359e-09,0
2219,4.038585045788833e-06,0
2220,9.500586054095897e-09,0
2221,1.1635396508227996e-09,0
2222,6.642581633817674e-09,0
2223,2.288673636739147e-07,0
2224,4.172355037796688e-08,0
2225,1.664124086209565e-08,0
2226,1.942834433319164e-09,0
2227,2.9598674482795325e-07,0
2228,3.882982009303649e-07,0
2229,3.5625501946540197e-09,0
2230,2.8082197533587774e-05,0
2231,0.0021736290656220957,0
2232,3.2286391789180215e-10,0
2233,1.953165516453548e-10,0
2234,2.9070978183888087e-09,0
2235,2.1274261730498422e-08,0
2236,7.2247951333223855e-09,0
2237,3.6511443949993265e-06,0
2238,1.973262110320306e-07,0
2239,4.5132653847072086e-08,0
2240,8.849734598735197e-09,0
2241,4.81560178135129e-09,0
2242,3.670985593029462e-07,0
2243,4.1255555612024405e-10,0
2244,1.3453684964845197e-07,0
2245,4.39384677583108e-09,0
2246,1.8221793971925066e-08,0
2247,1.6642237139274422e-08,0
2248,2.955112405116217e-08,0
2249,6.10271628931721e-08,0
2250,9.64129433415662e-09,0
2251,1.0574098264435412e-08,0
2252,1.953165516453548e-10,0
2253,3.705560980178276e-08,0
2254,1.6126689768954258e-10,0
2255,1.4808501076534226e-07,0
2256,1.9361545859014955e-10,0
2257,1.2802744202106054e-06,0
2258,2.3295342355802588e-05,0
2259,4.068884938244348e-08,0
2260,1.2005217045669824e-05,0
2261,2.2040431573960422e-09,0
2262,9.828389614277212e-09,0
2263,0.046122365777919734,0
2264,1.3828140514645371e-10,0
2265,2.7911392046103405e-09,0
2266,3.280978755489351e-10,0
2267,2.4891550030581966e-05,0
2268,0.00022159530062407142,0
2269,3.359426100236519e-10,0
2270,3.277462201748581e-08,0
2271,1.5454411484311737e-09,0
2272,4.033137620516434e-08,0
2273,6.192532589173141e-10,0
2274,2.3191224704743e-06,0
2275,1.3940439511226391e-05,0
2276,3.1850206195213825e-05,0
2277,1.9361545859014955e-10,0
2278,4.571786607317129e-09,0
2279,3.2514980497196544e-07,0
2280,3.296767085277678e-07,0
2281,2.1169615464460803e-07,0
2282,1.066723659727674e-09,0
2283,1.2902436569764292e-07,0
2284,2.2999288559947996e-09,0
2285,2.1560360655803392e-09,0
2286,9.454641404915925e-08,0
2287,2.132617468486776e-09,0
2288,4.5832493827339614e-10,0
2289,2.832156928463903e-09,0
2290,1.0057086381657414e-05,0
2291,6.301397451693103e-07,0
2292,5.3088896671731114e-08,0
2293,2.57420482950776e-09,0
2294,1.6511465695606343e-08,0
2295,2.682513447997205e-07,0
2296,8.75453326029685e-05,0
2297,1.6585308897571124e-09,0
2298,2.6318618622090587e-07,0
2299,2.3834208573281574e-07,0
2300,4.682162841762617e-09,0
2301,4.040128400971242e-08,0
2302,1.0192862932557708e-09,0
2303,2.7504089343720067e-09,0
2304,0.009431554494700971,0
2305,2.50932229810844e-09,0
2306,4.443358600375618e-09,0
2307,1.6087579749986061e-09,0
2308,3.5219522979639815e-09,0
2309,8.843380581654981e-08,0
2310,7.308938434629321e-06,0
2311,5.523281406761925e-07,0
2312,7.69678904028203e-09,0
2313,2.146869750502333e-09,0
2314,2.0902573504546198e-05,0
2315,1.3303139172539885e-06,0
2316,5.093860666282157e-08,0
2317,1.532657621704333e-07,0
2318,4.5428620776786936e-10,0
2319,4.3466282002882945e-09,0
2320,1.5793877913372058e-09,0
2321,1.6657379440014579e-09,0
2322,1.371496101445186e-09,0
2323,5.017297894006151e-06,0
2324,2.232489805093972e-05,0
2325,7.875222719504966e-10,0
2326,9.301906454257225e-08,0
2327,6.979237316362716e-06,0
2328,0.0015062894540302334,0
2329,1.554909381074605e-10,0
2330,6.191397327505334e-10,0
2331,2.3939742000279367e-08,0
2332,8.606996121219156e-09,0
2333,1.6192750304886521e-07,0
2334,4.315003631139319e-09,0
2335,5.505789436720322e-08,0
2336,4.001054561006709e-10,0
2337,4.829657830506089e-07,0
2338,2.948390684594021e-08,0
2339,1.1185755794528855e-05,0
2340,6.241155924182851e-10,0
2341,1.4039494680840589e-07,0
2342,6.969646741205449e-10,0
2343,1.442332335165066e-08,0
2344,1.3237753986541648e-08,0
2345,1.3070910345028097e-08,0
2346,1.2181549804958138e-10,0
2347,1.7825449108357176e-09,0
2348,1.9026988046719662e-09,0
2349,3.082939260147477e-07,0
2350,1.2998658423886675e-09,0
2351,1.1808829548308673e-08,0
2352,2.749695185325502e-09,0
2353,1.937961050433082e-05,0
2354,1.5188443904412663e-10,0
2355,2.3174570508730457e-10,0
2356,4.2968618552273517e-07,0
2357,3.1552872219169834e-09,0
2358,7.147566493514968e-10,0
2359,4.16319819081431e-09,0
2360,3.021696113914773e-09,0
2361,1.7949899180098156e-08,0
2362,1.3189601986022767e-08,0
2363,4.8485251683322156e-08,0
2364,1.5803832458316986e-09,0
2365,3.32818050584658e-07,0
2366,1.8208156731379139e-09,0
2367,7.479334797273519e-07,0
2368,1.4293141654216366e-07,0
2369,2.366601909924547e-09,0
2370,3.4074843720696044e-05,0
2371,6.36380646049135e-08,0
2372,5.780210057385627e-07,0
2373,2.4613210706405227e-09,0
2374,2.513231297566723e-06,0
2375,2.5656839800293605e-09,0
2376,3.766035678005466e-07,0
2377,1.2299221493426226e-08,0
2378,0.00021359004692633933,0
2379,0.000673400827924792,0
2380,0.0008733235385938021,0
2381,1.5702765161695654e-07,0
2382,2.1094937123795795e-09,0
2383,2.2952998807273197e-07,0
2384,0.024492285958537998,0
2385,1.4975923219360298e-08,0
2386,8.491166535406248e-07,0
2387,5.54414277119674e-08,0
2388,4.683840283291397e-10,0
2389,1.6505934332780363e-09,0
2390,9.120833634442345e-10,0
2391,1.3537937508340633e-09,0
2392,0.0078392785663222,0
2393,3.0587327249440163e-06,0
2394,1.592205169410565e-09,0
2395,1.0757551963024196e-07,0
2396,1.6126689768954258e-10,0
2397,1.6743512761261472e-08,0
2398,3.2595722346153213e-07,0
2399,1.4986620632856213e-06,0
2400,1.6126689768954258e-10,0
2401,1.7562998604480173e-06,0
2402,1.6126689768954258e-10,0
2403,5.199878121150279e-09,0
2404,1.210673652395032e-09,0
2405,3.2857845724116887e-07,0
2406,5.074624721538445e-10,0
2407,1.2181549804958138e-10,0
2408,3.28039405760879e-08,0
2409,1.8874977845691447e-09,0
2410,8.369584050691902e-10,0
2411,4.331000870507886e-09,0
2412,3.2986095881975252e-06,0
2413,3.0753224310691077e-09,0
2414,8.194055726685531e-09,0
2415,1.7663980560325988e-08,0
2416,4.636931430619675e-09,0
2417,7.848477125130048e-05,0
2418,6.876008222316448e-10,0
2419,0.295835583763391,0
2420,1.0473069978410873e-07,0
2421,6.145467035671239e-08,0
2422,6.27266411421936e-09,0
2423,5.975738215304156e-08,0
2424,5.4147961565498744e-08,0
2425,3.857283059077243e-09,0
2426,6.595957671843758e-08,0
2427,2.5813356689999486e-08,0
2428,3.2286391789180215e-10,0
2429,2.129458291604346e-07,0
2430,6.417305948455675e-09,0
2431,1.904648266057223e-09,0
2432,4.980384368462788e-06,0
2433,1.2181549804958138e-10,0
2434,1.486723279115263e-06,0
2435,1.953165516453548e-10,0
2436,1.7535725109366739e-06,0
2437,0.9999183215199439,0
2438,1.993293211027589e-08,0
2439,5.364904233932553e-05,0
2440,0.9999810578902073,0
2441,7.83921066687105e-08,0
2442,0.9869701843571073,0
2443,0.003189320078389799,0
2444,0.0031464652960060792,0
2445,2.9920921992633734e-08,0
2446,3.280978755489351e-10,0
2447,1.1325684828014502e-09,0
2448,9.284692906443644e-07,0
2449,5.772067383992137e-07,0
2450,8.842604008844364e-09,0
2451,3.280978755489351e-10,0
2452,1.953165516453548e-10,0
2453,1.4055999391618195e-07,0
2454,0.0016223701687090946,0
2455,1.2528653109660812e-09,0
2456,2.3174570508730457e-10,0
2457,2.542020967047809e-07,0
2458,1.5501826725441778e-09,0
2459,7.005293494728372e-09,0
2460,3.2512898842985476e-09,0
2461,0.021919738211933115,0
2462,4.725333625181114e-08,0
2463,2.65597235484133e-09,0
2464,7.74896683380107e-09,0
2465,1.2467601310865337e-06,0
2466,3.9089994824898605e-05,0
2467,1.0731327207974786e-08,0
2468,2.64052946934693e-08,0
2469,1.429087447497222e-10,0
2470,1.5188443904412663e-10,0
2471,8.234945857868741e-06,0
2472,1.5414746582669972e-08,0
2473,3.2286391789180215e-10,0
2474,0.16731645804832057,0
2475,2.1842158001563645e-09,0
2476,1.3089022845829518e-08,0
2477,2.90342618001076e-08,0
2478,1.331011490458183e-08,0
2479,9.410160352731892e-10,0
2480,1.7655341631461885e-08,0
2481,6.9868614812951274e-09,0
2482,4.082113639364674e-09,0
2483,1.5868813156333643e-06,0
2484,2.02887010378255e-09,0
2485,1.1739928047678018e-07,0
2486,8.4420730671598e-07,0
2487,3.822414117946588e-09,0
2488,3.2286391789180215e-10,0
2489,7.162203970620839e-08,0
2490,3.6963524775265064e-07,0
2491,0.020576025203066634,0
2492,1.2300374699229237e-10,0
2493,1.0402202019460621e-08,0
2494,2.666452184746596e-09,0
2495,3.0685156341577454e-08,0
2496,1.6058084048119025e-09,0
2497,1.6126689768954258e-10,0
2498,1.1124133778709143e-06,0
2499,6.898239647007992e-05,0
2500,1.5952959843933282e-09,0
2501,1.0587347778956448e-09,0
2502,1.2181549804958138e-10,0
2503,5.980341294881361e-08,0
2504,2.2951823289457786e-08,0
2505,0.005730082602106444,0
2506,3.378023207636883e-09,0
2507,2.7295801876700798e-09,0
2508,7.070483236149738e-08,0
2509,4.162645214678308e-06,0
2510,1.2181549804958138e-10,0
2511,1.1024536525286014e-08,0
2512,1.0846748206940692e-08,0
2513,1.6798591141597488e-06,0
2514,3.1720427011680823e-06,0
2515,8.222207696390882e-05,0
2516,2.170631740812442e-09,0
2517,1.953165516453548e-10,0
2518,8.257649631751498e-10,0
2519,1.4357130218246742e-09,0
2520,9.975043273214068e-09,0
2521,0.0008351472015548202,0
2522,1.05774087234116e-08,0
2523,3.8471948615702914e-05,0
2524,5.641270929801185e-10,0
2525,3.1295840492890715e-07,0
2526,3.852579629223573e-09,0
2527,5.199158379029481e-07,0
2528,8.275724970186008e-10,0
2529,0.02989513984553903,0
2530,1.4986830059903796e-07,0
2531,1.5864422656413071e-09,0
2532,2.4835796504363036e-10,0
2533,8.036564011785669e-10,0
2534,1.8009706278605114e-07,0
2535,5.519192735604e-10,0
2536,3.992584889322881e-06,0
2537,5.2473722717624545e-09,0
2538,6.155019018169211e-09,0
2539,1.4331453638665918e-07,0
2540,2.083783194364006e-08,0
2541,1.5188443904412663e-10,0
2542,0.0001522096827343058,0
2543,4.232303158156788e-07,0
2544,3.1567606524968957e-10,0
2545,4.089778076877897e-09,0
2546,0.0032592924060574936,0
2547,3.1567606524968957e-10,0
2548,2.6581298183403207e-10,0
2549,2.1821617311371776e-05,0
2550,4.931939269500316e-05,0
2551,1.2469799689566585e-07,0
2552,1.7354957202067585e-05,0
2553,1.675286522793986e-07,0
2554,4.4854967763459545e-09,0
2555,3.2286391789180215e-10,0
2556,5.8974220638238824e-09,0
2557,1.7031701402949406e-09,0
2558,5.851217001845851e-07,0
2559,8.384128334949766e-09,0
2560,1.2653048506568321e-09,0
2561,7.588876398667906e-08,0
2562,4.683840283291397e-10,0
2563,7.899169285825118e-08,0
2564,1.3828140514645371e-10,0
2565,2.0103099816491554e-10,0
2566,5.222009164669988e-07,0
2567,2.3174570508730457e-10,0
2568,4.0574340784600375e-07,0
2569,4.68846610393738e-08,0
2570,4.330434638094438e-06,0
2571,2.884242257853603e-09,0
2572,3.619713964495944e-05,0
2573,2.688863571522752e-09,0
2574,2.02307228930615e-06,0
2575,7.164039466509117e-07,0
2576,1.6126689768954258e-10,0
2577,5.348509462564563e-09,0
2578,6.578615893169698e-08,0
2579,4.683840283291397e-10,0
2580,5.6562435185348454e-09,0
2581,2.3174570508730457e-10,0
2582,3.6471782875021865e-06,0
2583,3.812775078483916e-07,0
2584,1.0273454736944939e-07,0
2585,3.946163551573525e-05,0
2586,0.0019208923875042594,0
2587,3.9657866210454245e-06,0
2588,4.683840283291397e-10,0
2589,1.2181549804958138e-10,0
2590,1.0741089394179129e-06,0
2591,6.95475218702088e-08,0
2592,3.758689200250728e-09,0
2593,2.6269874003714586e-08,0
2594,2.5252575722862845e-08,0
2595,6.456246335085553e-08,0
2596,4.748883577189485e-08,0
2597,1.068744856725584e-05,0
2598,1.7673285755754425e-05,0
2599,5.855439412593017e-08,0
2600,2.1196901687580188e-09,0
2601,3.33792078444213e-09,0
2602,1.759584407533318e-07,0
2603,1.318549265675519e-09,0
2604,3.877628429641002e-08,0
2605,3.819837848680618e-08,0
2606,2.1038854916589582e-10,0
2607,1.0762438950692816e-08,0
2608,3.2316044774370967e-07,0
2609,5.999143089477355e-07,0
2610,0.00032109449698177394,0
2611,9.154467330788269e-10,0
2612,7.100450118956734e-09,0
2613,2.6231661876125925e-09,0
2614,3.5787679787812426e-09,0
2615,1.378244984620786e-09,0
2616,2.1047389547714753e-07,0
2617,9.07210229681847e-08,0
2618,9.538415336872475e-06,0
2619,4.81560178135129e-09,0
2620,3.4236916318140666e-07,0
2621,4.1799419519446984e-07,0
2622,1.760004513163572e-08,0
2623,0.08399863498981043,0
2624,2.6740619082292183e-09,0
2625,2.0103099816491554e-10,0
2626,1.4769571555159374e-08,0
2627,1.8314252975647795e-08,0
2628,0.030117960765622943,0
2629,6.897309994657495e-10,0
2630,0.0003440303936904751,0
2631,5.6705636215975966e-08,0
2632,1.2796775627670907e-09,0
2633,4.970754867264513e-07,0
2634,1.953165516453548e-10,0
2635,3.7029487365155894e-09,0
2636,4.158855335005181e-09,0
2637,5.421919582031417e-08,0
2638,9.007203470209853e-07,0
2639,3.555416214795409e-05,0
2640,5.333580391490668e-09,0
2641,8.0077688110443e-09,0
2642,2.338816645898675e-08,0
2643,5.06145471118092e-10,0
2644,2.0103099816491554e-10,0
2645,1.0190136904527737e-07,0
2646,8.785156187854077e-10,0
2647,5.712102741428853e-09,0
2648,0.09364848910149402,0
2649,1.536311769193764e-06,0
2650,0.000293647560587726,0
2651,1.0690765534397903e-07,0
2652,5.786243187696764e-10,0
2653,3.2286391789180215e-10,0
2654,2.0103099816491554e-10,0
2655,2.1597428620290488e-10,0
2656,6.441444027285751e-10,0
2657,3.378023207636883e-09,0
2658,9.348429537274806e-05,0
2659,4.4995790278188115e-09,0
2660,7.840909687190608e-09,0
2661,0.0025447919632170485,0
2662,0.00016986329963035812,0
2663,1.3145943716643333e-06,0
2664,1.953165516453548e-10,0
2665,0.0002539436840007063,0
2666,6.9552591682789e-08,0
2667,2.126215800335801e-08,0
2668,4.65038862715585e-09,0
2669,1.622707508766781e-05,0
2670,7.940553869836133e-06,0
2671,4.641837600823104e-07,0
2672,6.231508307118777e-09,0
2673,1.3831831864455322e-08,0
2674,7.169404584501767e-06,0
2675,3.205113684346608e-05,0
2676,1.6126689768954258e-10,0
2677,2.9581283959169756e-09,0
2678,5.774080557756298e-10,0
2679,4.6858509467242005e-07,0
2680,9.296168411490538e-10,0
2681,0.00039317011629337904,0
2682,4.619641399734618e-09,0
2683,7.093281825088732e-09,0
2684,2.0103099816491554e-10,0
2685,0.044434684315033515,0
2686,3.9244518759146856e-07,0
2687,2.188434092357013e-09,0
2688,2.7420914182197545e-08,0
2689,1.3858815895414327e-08,0
2690,0.0021634738387950234,0
2691,3.8968730232499175e-10,0
2692,8.163609263479477e-08,0
2693,6.1306452444543445e-09,0
2694,2.68371681730596e-10,0
2695,9.564935818905644e-09,0
2696,2.2054626955894222e-08,0
2697,1.3828140514645371e-10,0
2698,2.5181888629084073e-05,0
2699,0.0011557640781095428,0
2700,4.649320004538278e-06,0
2701,4.5197651780700834e-09,0
2702,6.851119661014836e-09,0
2703,1.5220117895159223e-08,0
2704,3.6356780825117986e-06,0
2705,2.002684708370993e-07,0
2706,5.7231196484913936e-08,0
2707,5.3794526715015535e-06,0
2708,7.936911028428314e-10,0
2709,9.159237950134593e-07,0
2710,1.1552348470106548e-08,0
2711,1.6940643793323438e-05,0
2712,1.999911338279415e-05,0
2713,0.20145499923374652,0
2714,0.0010064239155264275,0
2715,9.474546673965702e-08,0
2716,4.120528858791018e-08,0
2717,0.9996898819906526,1
2718,4.607964063046999e-09,0
2719,9.142476444260648e-05,0
2720,2.0103099816491554e-10,0
2721,4.393956227855299e-09,0
2722,1.5188443904412663e-10,0
2723,6.167618944314284e-09,0
2724,4.822667668725333e-06,0
2725,3.2286391789180215e-10,0
2726,1.6126689768954258e-10,0
2727,5.016180709611935e-09,0
2728,3.8968730232499175e-10,0
2729,2.216054037254629e-10,0
2730,1.1208761384718203e-09,0
2731,4.141990378935814e-09,0
2732,3.8968730232499175e-10,0
2733,1.953165516453548e-10,0
2734,2.3218212802794377e-10,0
2735,3.2286391789180215e-10,0
2736,1.8320012513445183e-09,0
2737,2.0103099816491554e-10,0
2738,7.862806030402937e-09,0
2739,7.251418816396415e-10,0
2740,2.144227576111235e-07,0
2741,1.1709380500780431e-07,0
2742,1.5188443904412663e-10,0
2743,3.280978755489351e-10,0
2744,1.2376856914283227e-09,0
2745,3.280978755489351e-10,0
2746,1.5188443904412663e-10,0
2747,7.421705947953391e-10,0
2748,2.7197079483250433e-09,0
2749,3.8968730232499175e-10,0
2750,2.180323035759204e-09,0
2751,2.7561873017980394e-10,0
2752,3.2286391789180215e-10,0
2753,2.1443795585227619e-10,0
2754,1.3828140514645371e-10,0
2755,1.2181549804958138e-10,0
2756,1.6126689768954258e-10,0
2757,8.148326181775574e-09,0
2758,1.9361545859014955e-10,0
2759,1.9361545859014955e-10,0
2760,2.4260829536241673e-10,0
2761,2.4260829536241673e-10,0
2762,2.8713038162340514e-10,0
2763,1.5621868932782224e-10,0
2764,2.0103099816491554e-10,0
2765,3.8968730232499175e-10,0
2766,1.8393857204293034e-08,0
2767,1.7256569103821079e-10,0
2768,3.1567606524968957e-10,0
2769,2.1597428620290488e-10,0
2770,1.2181549804958138e-10,0
2771,3.8968730232499175e-10,0
2772,1.3828140514645371e-10,0
2773,0.9280158291921962,1
2774,0.9999937562050623,1
2775,0.9999927225182601,1
2776,0.9984232005524505,1
2777,0.999669809174847,1
2778,0.9399924683423158,1
2779,8.304808179598833e-07,0
2780,5.6185910976418835e-09,0
2781,3.83056007649898e-08,0
2782,2.2193515994294588e-07,0
2783,3.0577397022197006e-06,0
2784,1.6520883761911872e-08,0
2785,7.689644619367585e-08,0
2786,2.0103099816491554e-10,0
2787,5.239173457547302e-10,0
2788,2.36848923970577e-08,0
2789,4.724664692621735e-09,0
2790,0.013566387009704277,0
2791,3.280978755489351e-10,0
2792,1.7256569103821079e-10,0
2793,1.907796101606653e-05,0
2794,1.5262331805474936e-09,0
2795,5.271640146513561e-10,0
2796,0.0049787926070470065,0
2797,2.1443795585227619e-10,0
2798,2.844089116601647e-06,0
2799,0.00014876034849228197,0
2800,1.1495304740935434e-08,0
2801,1.2924495798614899e-08,0
2802,1.4629293891614444e-07,0
2803,3.381243131219814e-10,0
2804,5.849578409807301e-09,0
2805,8.998975794155683e-07,0
2806,4.005356448317699e-05,0
2807,2.269314346609588e-09,0
2808,4.1495735673710465e-09,0
2809,1.2013293948190968e-08,0
2810,0.06436927894182069,0
2811,9.564176074673578e-08,0
2812,1.3701415888177925e-08,0
2813,1.3352961441576706e-08,0
2814,2.1680324823789898e-07,0
2815,3.1567606524968957e-10,0
2816,2.6660456588802543e-07,0
2817,8.577773503756867e-08,0
2818,2.776809507831084e-08,0
2819,2.8409894985874704e-09,0
2820,4.1024843025610436e-07,0
2821,5.002556505052833e-06,0
2822,2.9108484271864605e-08,0
2823,1.1300840980305821e-08,0
2824,1.3677720956305313e-08,0
2825,4.949475649119307e-09,0
2826,9.448007095853023e-07,0
2827,9.97813427563347e-07,0
2828,1.4872845813551024e-07,0
2829,2.0977741790934823e-09,0
2830,1.518642530953211e-09,0
2831,2.0217500009137047e-05,0
2832,5.578926222378788e-08,0
2833,0.00011547896731246283,0
2834,3.982390602087804e-09,0
2835,1.3230650283130144e-07,0
2836,1.7162650121266608e-06,0
2837,2.5339494121565465e-08,0
2838,3.571188134228142e-07,0
2839,1.4162307140787746e-07,0
2840,0.30519268001827576,0
2841,0.6685853005234246,1
2842,0.9999980406158213,1
2843,0.9997474271268861,1
2844,0.9460857792299721,1
2845,0.8538456306291904,1
2846,2.474960194032459e-05,1
2847,0.9999996861766539,1
2848,0.12882951074102056,1
2849,2.3069738024472992e-08,0
2850,9.913918753577199e-09,0
2851,1.0542731046412235e-05,0
2852,5.238696017610013e-08,0
2853,2.7592992615294217e-08,0
2854,3.35276825094178e-10,0
2855,1.6864291924371163e-09,0
2856,2.958518445304547e-08,0
2857,6.385252050697778e-05,0
2858,3.4121203725753476e-09,0
2859,3.1025391084167616e-10,0
2860,3.2670675824593087e-06,0
2861,1.2113972578106539e-05,0
2862,0.0004985410760243428,0
2863,3.2370286120867236e-06,0
2864,2.699333288689831e-08,0
2865,2.0321958757728435e-09,0
2866,5.588505982232801e-07,0
2867,3.1261892996772e-07,0
2868,2.3451350512257465e-07,0
2869,3.517799597682435e-10,0
2870,1.7074324604735113e-05,0
2871,4.566605064190943e-09,0
2872,1.9503036112756677e-07,0
2873,3.041479261925156e-09,0
2874,4.572969886705266e-08,0
2875,9.41995620706928e-09,0
2876,1.6272615304481597e-05,0
2877,2.1597428620290488e-10,0
2878,1.2293294493649423e-05,0
2879,0.1957842509717124,0
2880,7.270769732602808e-07,0
2881,2.923309784678065e-08,0
2882,0.0006054752874227593,0
2883,1.6831263427668895e-08,0
2884,2.0103099816491554e-10,0
2885,1.2946287903080454e-06,0
2886,3.115254212079904e-09,0
2887,1.639492579094462e-08,0
2888,2.470302356852791e-07,0
2889,1.4637296661650511e-09,0
2890,1.0225450104677128e-09,0
2891,1.1044475585375574e-09,0
2892,0.9833195598619257,0
2893,2.505903873627716e-05,0
2894,8.49625305878463e-10,0
2895,9.06543652734081e-09,0
2896,6.306593949878769e-06,0
2897,1.2630496022040158e-07,0
2898,1.2838474622168665e-09,0
2899,1.4690533921913604e-05,0
2900,4.0857119837821426e-08,0
2901,1.3278761812318904e-06,0
2902,5.057506008596354e-08,0
2903,3.2286391789180215e-10,0
2904,3.8968730232499175e-10,0
2905,0.00010712436012278896,0
2906,1.7691982497177577e-08,0
2907,6.033424037154291e-10,0
2908,7.155764843490516e-07,0
2909,2.6095140056696095e-08,0
2910,4.590289117784116e-09,0
2911,6.126075298046061e-09,0
2912,9.03240236896057e-06,0
2913,2.1046363045472022e-07,0
2914,0.8816047567604333,0
2915,2.2405327430122996e-06,0
2916,1.8520909046690784e-08,0
2917,0.9889728174673161,1
2918,5.072609628686499e-08,0
2919,1.2204146143824814e-06,0
2920,4.570876277776606e-07,0
2921,2.044514663700618e-08,0
2922,1.6015511586405252e-06,0
2923,0.003835543838241319,0
2924,2.0644773941988768e-09,0
2925,9.998052315258121e-10,0
2926,7.467842651805193e-10,0
2927,3.3631440508290973e-09,0
2928,5.089037247165192e-06,0
2929,1.1839393430604224e-07,0
2930,0.30065175024936747,1
2931,1.6126689768954258e-10,0
2932,1.2389948281993713e-08,0
2933,2.453269484586101e-07,0
2934,7.077439781896154e-07,0
2935,0.012973358599265197,0
2936,9.303737974487567e-09,0
2937,3.137865421014622e-10,0
2938,1.2097961876354812e-07,0
2939,1.449863460157333e-08,0
2940,2.7578749275094213e-08,0
2941,1.815418766214028e-07,0
2942,9.547656219592777e-08,0
2943,0.0028898222464868377,0
2944,0.9999973976434399,1
2945,5.44567860142531e-07,0
2946,1.953165516453548e-10,0
2947,1.2203185211707754e-07,0
2948,2.30187754015402e-08,0
2949,0.01645728013009962,0
2950,3.2286391789180215e-10,0
2951,4.24447900776822e-09,0
2952,0.9999222886811729,1
2953,1.0437162785870989e-07,0
2954,8.485786649219777e-10,0
2955,1.074153169101182e-08,0
2956,3.7507080537894384e-07,0
2957,3.729641447608225e-09,0
2958,1.1159902943554632e-06,0
2959,4.000319575948655e-05,0
2960,1.8096474817077873e-06,0
2961,3.3534647477176016e-08,0
2962,2.333317735492539e-05,0
2963,1.2386691647920843e-06,0
2964,5.341001601558612e-07,0
2965,2.8364471506946e-09,0
2966,2.8747298831576057e-08,0
2967,8.061663323122958e-07,0
2968,1.543273485816126e-06,0
2969,0.9989611831249893,1
2970,1.746444733937125e-07,0
2971,1.3827106521352544e-07,0
2972,7.936911028428314e-10,0
2973,5.790386136640616e-10,0
2974,1.7625911418176354e-08,0
2975,5.349840543519691e-07,0
2976,5.532180551472211e-08,0
2977,3.0366120927636365e-08,0
2978,2.7508643623787012e-08,0
2979,1.0064813828340245e-06,0
2980,5.3370905147623716e-08,0
2981,5.755326340467095e-09,0
2982,1.953165516453548e-10,0
2983,2.0972164641335806e-09,0
2984,0.000170102326681764,0
2985,0.0001406671757211264,0
2986,7.766232778093703e-06,0
2987,0.9998889204295236,1
2988,0.9994670537020728,1
2989,0.99999984293765,1
2990,0.9366991361804275,1
2991,0.4712942183466246,1
2992,7.281713130680982e-10,0
2993,1.5989679658644987e-07,0
2994,7.308817664139018e-10,0
2995,7.181013647121327e-06,0
2996,1.0104383088626618e-09,0
2997,0.0023188744494454018,0
2998,5.812218739766464e-07,0
2999,1.7031701402949406e-09,0
3000,2.148840204901464e-09,0
3001,1.953165516453548e-10,0
3002,0.00022280019462211716,0
3003,5.139663408543338e-07,0
3004,4.034235723099146e-08,0
3005,0.9999054320787562,1
3006,4.298062163753878e-09,0
3007,0.5142028984496503,0
3008,1.2658582939806921e-08,0
3009,6.55730809153977e-07,0
3010,7.5246229969597365e-06,0
3011,0.9995117961763829,1
3012,0.9938688078143215,1
3013,5.995909052662075e-08,0
3014,6.330158072936495e-07,0
3015,0.0004083478982191578,0
3016,5.5937804322797796e-08,0
3017,0.0004418511256944671,0
3018,1.8123721187075712e-07,0
3019,0.00016258107737535587,0
3020,1.3191598299297214e-06,0
3021,2.5455223515405143e-09,0
3022,2.7190904052112433e-09,0
3023,2.269495555445914e-06,0
3024,0.011737323113877547,0
