ID,Fold
1,8
2,8
3,7
4,2
5,3
6,7
7,0
8,4
9,4
10,6
11,0
12,9
13,5
14,7
15,6
16,1
17,7
18,0
19,2
20,7
21,3
22,8
23,2
24,5
25,8
26,6
27,6
28,5
29,7
30,1
31,4
32,8
33,3
34,3
35,0
36,5
37,0
38,0
39,3
40,5
41,2
42,3
43,7
44,3
45,9
46,3
47,3
48,9
49,0
50,4
51,6
52,4
53,9
54,1
55,6
56,5
57,5
58,3
59,4
60,6
61,4
62,1
63,2
64,0
65,8
66,0
67,3
68,4
69,6
70,0
71,1
72,7
73,1
74,5
75,9
76,4
77,3
78,5
79,3
80,2
81,9
82,9
83,6
84,1
85,3
86,3
87,4
88,0
89,1
90,5
91,2
92,7
93,6
94,8
95,6
96,7
97,9
98,8
99,6
100,6
101,2
102,5
103,1
104,7
105,3
106,8
107,9
108,6
109,9
110,0
111,9
112,3
113,0
114,2
115,2
116,6
117,2
118,9
119,5
120,2
121,2
122,0
123,7
124,3
125,9
126,5
127,1
128,4
129,9
130,9
131,4
132,7
133,7
134,4
135,4
136,5
137,1
138,7
139,7
140,0
141,1
142,8
143,4
144,5
145,7
146,9
147,2
148,8
149,4
150,5
151,5
152,5
153,5
154,1
155,3
156,2
157,4
158,9
159,9
160,6
161,4
162,1
163,6
164,8
165,3
166,9
167,0
168,2
169,4
170,6
171,5
172,8
173,9
174,0
175,5
176,3
177,8
178,0
179,6
180,7
181,2
182,5
183,2
184,4
185,0
186,5
187,3
188,8
189,0
190,6
191,2
192,2
193,9
194,1
195,8
196,9
197,0
198,3
199,8
200,2
201,3
202,6
203,4
204,8
205,9
206,6
207,4
208,4
209,4
210,8
211,5
212,1
213,2
214,1
215,8
216,6
217,3
218,0
219,2
220,6
221,1
222,7
223,8
224,9
225,2
226,8
227,2
228,9
229,1
230,4
231,7
232,2
233,7
234,1
235,2
236,9
237,6
238,6
239,1
240,6
241,0
242,9
243,2
244,4
245,5
246,2
247,3
248,7
249,3
250,6
251,8
252,6
253,5
254,9
255,2
256,6
257,8
258,4
259,7
260,1
261,9
262,4
263,5
264,5
265,6
266,8
267,2
268,6
269,7
270,8
271,0
272,8
273,1
274,3
275,8
276,2
277,2
278,6
279,9
280,2
281,3
282,3
283,1
284,7
285,1
286,8
287,6
288,7
289,3
290,0
291,1
292,0
293,9
294,1
295,5
296,9
297,0
298,7
299,3
300,3
301,6
302,4
303,0
304,5
305,9
306,4
307,7
308,1
309,8
310,0
311,4
312,5
313,4
314,4
315,9
316,9
317,3
318,3
319,6
320,6
321,6
322,5
323,3
324,5
325,6
326,9
327,2
328,6
329,6
330,4
331,0
332,2
333,6
334,5
335,7
336,5
337,9
338,7
339,0
340,8
341,9
342,4
343,3
344,8
345,8
346,3
347,7
348,3
349,5
350,2
351,4
352,9
353,4
354,0
355,7
356,5
357,1
358,2
359,1
360,8
361,0
362,3
363,6
364,6
365,1
366,2
367,1
368,1
369,3
370,0
371,2
372,8
373,0
374,3
375,0
376,6
377,6
378,7
379,9
380,8
381,1
382,6
383,3
384,0
385,3
386,6
387,2
388,4
389,0
390,2
391,5
392,4
393,5
394,5
395,3
396,2
397,4
398,7
399,7
400,8
401,4
402,7
403,8
404,5
405,3
406,5
407,2
408,2
409,8
410,5
411,1
412,4
413,3
414,3
415,0
416,0
417,0
418,7
419,3
420,8
421,4
422,7
423,9
424,7
425,6
426,1
427,2
428,4
429,6
430,1
431,2
432,3
433,8
434,8
435,4
436,1
437,2
438,3
439,1
440,2
441,0
442,8
443,9
444,8
445,5
446,5
447,5
448,6
449,1
450,5
451,2
452,8
453,3
454,8
455,0
456,9
457,0
458,7
459,5
460,9
461,6
462,7
463,0
464,7
465,9
466,4
467,7
468,2
469,8
470,9
471,2
472,8
473,1
474,6
475,8
476,5
477,7
478,4
479,7
480,5
481,8
482,9
483,4
484,8
485,7
486,7
487,5
488,7
489,0
490,7
491,9
492,0
493,9
494,1
495,3
496,3
497,4
498,7
499,8
500,9
501,1
502,1
503,5
504,1
505,8
506,5
507,9
508,8
509,0
510,5
511,6
512,7
513,3
514,3
515,2
516,3
517,4
518,3
519,8
520,1
521,0
522,8
523,4
524,5
525,2
526,1
527,2
528,2
529,1
530,1
531,9
532,6
533,2
534,0
535,4
536,5
537,2
538,6
539,5
540,1
541,2
542,7
543,0
544,8
545,6
546,3
547,3
548,4
549,7
550,6
551,0
552,7
553,8
554,4
555,4
556,6
557,1
558,6
559,1
560,4
561,3
562,3
563,5
564,1
565,9
566,0
567,8
568,7
569,4
570,6
571,1
572,4
573,5
574,5
575,0
576,9
577,6
578,8
579,5
580,0
581,0
582,3
583,9
584,1
585,6
586,2
587,6
588,2
589,1
590,5
591,8
592,7
593,5
594,0
595,9
596,6
597,0
598,6
599,3
600,1
601,3
602,4
603,0
604,7
605,6
606,6
607,8
608,5
609,9
610,9
611,0
612,2
613,5
614,5
615,1
616,7
617,3
618,6
619,6
620,0
621,4
622,7
623,1
624,1
625,5
626,6
627,5
628,9
629,0
630,1
631,9
632,1
633,0
634,6
635,8
636,7
637,3
638,4
639,8
640,5
641,4
642,4
643,4
644,9
645,0
646,1
647,4
648,8
649,4
650,4
651,9
652,1
653,7
654,6
655,2
656,7
657,1
658,1
659,1
660,0
661,1
662,5
663,5
664,5
665,0
666,5
667,0
668,5
669,7
670,0
671,2
672,4
673,4
674,4
675,0
676,2
677,6
678,6
679,9
680,1
681,9
682,6
683,7
684,5
685,3
686,8
687,2
688,3
689,0
690,3
691,2
692,6
693,4
694,1
695,9
696,7
697,6
698,5
699,9
700,7
701,2
702,9
703,8
704,9
705,7
706,3
707,2
708,9
709,4
710,8
711,5
712,9
713,5
714,8
715,0
716,2
717,9
718,1
719,2
720,4
721,8
722,1
723,6
724,1
725,7
726,1
727,9
728,2
729,3
730,2
731,4
732,0
733,8
734,7
735,4
736,0
737,4
738,1
739,3
740,1
741,6
742,3
743,1
744,1
745,4
746,8
747,9
748,6
749,8
750,9
751,6
752,1
753,8
754,9
755,3
756,7
757,0
758,5
759,3
760,5
761,8
762,4
763,5
764,9
765,6
766,7
767,3
768,4
769,5
770,0
771,2
772,6
773,8
774,1
775,7
776,6
777,4
778,2
779,1
780,9
781,5
782,5
783,8
784,5
785,9
786,3
787,4
788,3
789,9
790,0
791,0
792,5
793,2
794,8
795,7
796,4
797,0
798,1
799,6
800,4
801,8
802,1
803,2
804,1
805,5
806,9
807,7
808,0
809,1
810,8
811,9
812,3
813,8
814,0
815,3
816,9
817,6
818,8
819,9
820,3
821,5
822,1
823,9
824,5
825,5
826,9
827,4
828,7
829,9
830,3
831,0
832,6
833,1
834,8
835,3
836,7
837,9
838,8
839,3
840,4
841,1
842,6
843,2
844,6
845,4
846,9
847,5
848,0
849,8
850,8
851,0
852,1
853,2
854,6
855,3
856,6
857,9
858,1
859,4
860,9
861,1
862,3
863,3
864,8
865,2
866,8
867,6
868,5
869,1
870,3
871,6
872,6
873,7
874,1
875,7
876,5
877,6
878,9
879,0
880,6
881,9
882,5
883,4
884,0
885,6
886,6
887,8
888,4
889,2
890,8
891,7
892,0
893,6
894,2
895,0
896,9
897,9
898,4
899,1
900,9
901,2
902,4
903,9
904,4
905,2
906,6
907,8
908,8
909,9
910,1
911,5
912,3
913,0
914,6
915,0
916,6
917,0
918,0
919,7
920,3
921,3
922,6
923,2
924,2
925,0
926,4
927,5
928,0
929,0
930,2
931,8
932,6
933,3
934,5
935,4
936,8
937,0
938,6
939,1
940,5
941,5
942,3
943,9
944,2
945,7
946,5
947,1
948,7
949,7
950,6
951,4
952,8
953,2
954,1
955,6
956,6
957,9
958,6
959,3
960,0
961,5
962,7
963,1
964,7
965,2
966,8
967,1
968,7
969,9
970,3
971,2
972,9
973,6
974,3
975,2
976,4
977,8
978,3
979,5
980,5
981,1
982,7
983,2
984,0
985,0
986,0
987,1
988,7
989,1
990,7
991,8
992,2
993,0
994,4
995,6
996,3
997,0
998,0
999,6
1000,8
1001,7
1002,1
1003,1
1004,7
1005,8
1006,6
1007,8
1008,5
1009,2
1010,3
1011,7
1012,9
1013,6
1014,3
1015,3
1016,9
1017,4
1018,3
1019,9
1020,4
1021,5
1022,3
1023,2
1024,7
1025,0
1026,4
1027,4
1028,0
1029,5
1030,7
1031,8
1032,4
1033,8
1034,8
1035,1
1036,7
1037,4
1038,4
1039,9
1040,7
1041,2
1042,6
1043,7
1044,3
1045,5
1046,2
1047,4
1048,0
1049,9
1050,1
1051,0
1052,9
1053,9
1054,7
1055,3
1056,4
1057,6
1058,2
1059,8
1060,6
1061,2
1062,6
1063,5
1064,2
1065,8
1066,8
1067,1
1068,6
1069,8
1070,1
1071,1
1072,7
1073,1
1074,6
1075,0
1076,5
1077,1
1078,7
1079,8
1080,8
1081,9
1082,9
1083,2
1084,5
1085,1
1086,3
1087,1
1088,7
1089,2
1090,3
1091,1
1092,2
1093,1
1094,8
1095,8
1096,1
1097,5
1098,3
1099,9
1100,4
1101,3
1102,6
1103,2
1104,7
1105,6
1106,8
1107,5
1108,8
1109,2
1110,9
1111,3
1112,8
1113,2
1114,4
1115,8
1116,5
1117,3
1118,0
1119,4
1120,8
1121,2
1122,7
1123,0
1124,1
1125,2
1126,3
1127,4
1128,8
1129,7
1130,7
1131,1
1132,9
1133,3
1134,1
1135,3
1136,3
1137,4
1138,9
1139,5
1140,7
1141,3
1142,8
1143,1
1144,4
1145,6
1146,5
1147,1
1148,2
1149,7
1150,0
1151,9
1152,2
1153,8
1154,5
1155,2
1156,5
1157,3
1158,5
1159,2
1160,8
1161,0
1162,8
1163,7
1164,4
1165,9
1166,4
1167,7
1168,7
1169,1
1170,7
1171,4
1172,5
1173,8
1174,2
1175,4
1176,4
1177,0
1178,6
1179,4
1180,4
1181,7
1182,5
1183,9
1184,0
1185,0
1186,6
1187,1
1188,8
1189,9
1190,7
1191,1
1192,9
1193,5
1194,3
1195,2
1196,6
1197,1
1198,1
1199,2
1200,9
1201,9
1202,8
1203,1
1204,1
1205,2
1206,5
1207,2
1208,8
1209,7
1210,4
1211,6
1212,5
1213,5
1214,7
1215,6
1216,3
1217,6
1218,6
1219,9
1220,4
1221,0
1222,5
1223,3
1224,8
1225,1
1226,1
1227,4
1228,1
1229,7
1230,6
1231,8
1232,3
1233,3
1234,1
1235,4
1236,6
1237,3
1238,7
1239,7
1240,6
1241,1
1242,9
1243,8
1244,3
1245,1
1246,0
1247,1
1248,7
1249,5
1250,0
1251,7
1252,1
1253,1
1254,1
1255,0
1256,6
1257,0
1258,5
1259,8
1260,4
1261,5
1262,7
1263,7
1264,0
1265,4
1266,2
1267,9
1268,9
1269,9
1270,6
1271,9
1272,6
1273,2
1274,9
1275,4
1276,6
1277,1
1278,2
1279,1
1280,4
1281,0
1282,5
1283,5
1284,2
1285,0
1286,2
1287,7
1288,5
1289,9
1290,6
1291,4
1292,3
1293,8
1294,1
1295,8
1296,2
1297,7
1298,8
1299,1
1300,1
1301,9
1302,6
1303,1
1304,3
1305,0
1306,9
1307,7
1308,0
1309,1
1310,3
1311,1
1312,7
1313,5
1314,1
1315,6
1316,8
1317,2
1318,8
1319,7
1320,8
1321,6
1322,6
1323,1
1324,9
1325,0
1326,2
1327,0
1328,5
1329,2
1330,3
1331,6
1332,1
1333,9
1334,2
1335,8
1336,4
1337,3
1338,0
1339,2
1340,2
1341,5
1342,2
1343,1
1344,1
1345,2
1346,8
1347,3
1348,0
1349,2
1350,3
1351,0
1352,1
1353,8
1354,3
1355,3
1356,9
1357,3
1358,3
1359,0
1360,5
1361,2
1362,6
1363,3
1364,3
1365,0
1366,1
1367,1
1368,8
1369,3
1370,8
1371,8
1372,9
1373,4
1374,7
1375,9
1376,0
1377,8
1378,1
1379,6
1380,1
1381,5
1382,5
1383,2
1384,3
1385,7
1386,0
1387,3
1388,3
1389,9
1390,5
1391,3
1392,5
1393,6
1394,7
1395,3
1396,1
1397,4
1398,4
1399,8
1400,9
1401,3
1402,7
1403,5
1404,4
1405,1
1406,4
1407,8
1408,4
1409,8
1410,1
1411,9
1412,3
1413,0
1414,9
1415,6
1416,0
1417,3
1418,4
1419,7
1420,8
1421,1
1422,6
1423,0
1424,5
1425,4
1426,2
1427,5
1428,2
1429,8
1430,1
1431,0
1432,6
1433,9
1434,9
1435,3
1436,4
1437,6
1438,5
1439,0
1440,6
1441,1
1442,3
1443,1
1444,3
1445,7
1446,4
1447,2
1448,3
1449,2
1450,6
1451,9
1452,6
1453,2
1454,4
1455,3
1456,1
1457,4
1458,4
1459,7
1460,8
1461,1
1462,2
1463,4
1464,5
1465,4
1466,7
1467,1
1468,2
1469,4
1470,7
1471,8
1472,5
1473,7
1474,5
1475,9
1476,6
1477,8
1478,5
1479,2
1480,7
1481,8
1482,8
1483,2
1484,1
1485,0
1486,8
1487,8
1488,4
1489,4
1490,7
1491,8
1492,1
1493,4
1494,7
1495,6
1496,8
1497,4
1498,9
1499,9
1500,8
1501,1
1502,3
1503,5
1504,0
1505,3
1506,7
1507,5
1508,0
1509,6
1510,0
1511,7
1512,4
1513,5
1514,2
1515,8
1516,2
1517,6
1518,5
1519,3
1520,3
1521,0
1522,4
1523,4
1524,0
1525,3
1526,6
1527,9
1528,4
1529,9
1530,5
1531,6
1532,4
1533,0
1534,6
1535,1
1536,2
1537,5
1538,7
1539,8
1540,7
1541,9
1542,8
1543,2
1544,9
1545,8
1546,4
1547,5
1548,4
1549,6
1550,4
1551,4
1552,6
1553,3
1554,6
1555,1
1556,2
1557,3
1558,2
1559,1
1560,1
1561,9
1562,6
1563,6
1564,0
1565,2
1566,9
1567,1
1568,4
1569,3
1570,1
1571,1
1572,1
1573,2
1574,9
1575,0
1576,6
1577,1
1578,4
1579,4
1580,5
1581,7
1582,5
1583,9
1584,0
1585,1
1586,7
1587,6
1588,1
1589,3
1590,4
1591,9
1592,0
1593,5
1594,2
1595,8
1596,3
1597,8
1598,8
1599,1
1600,5
1601,0
1602,3
1603,9
1604,4
1605,5
1606,4
1607,4
1608,0
1609,2
1610,4
1611,4
1612,6
1613,2
1614,6
1615,3
1616,3
1617,1
1618,9
1619,2
1620,2
1621,7
1622,2
1623,6
1624,0
1625,2
1626,1
1627,8
1628,7
1629,4
1630,8
1631,7
1632,2
1633,4
1634,5
1635,6
1636,9
1637,4
1638,1
1639,4
1640,6
1641,9
1642,7
1643,4
1644,9
1645,1
1646,6
1647,8
1648,5
1649,9
1650,9
1651,3
1652,4
1653,1
1654,7
1655,3
1656,0
1657,8
1658,0
1659,5
1660,9
1661,6
1662,5
1663,5
1664,5
1665,7
1666,7
1667,9
1668,6
1669,2
1670,0
1671,7
1672,9
1673,1
1674,9
1675,5
1676,9
1677,4
1678,8
1679,5
1680,1
1681,2
1682,6
1683,6
1684,5
1685,7
1686,9
1687,2
1688,3
1689,9
1690,5
1691,7
1692,5
1693,0
1694,8
1695,6
1696,2
1697,3
1698,7
1699,7
1700,7
1701,2
1702,8
1703,3
1704,3
1705,1
1706,6
1707,7
1708,5
1709,0
1710,2
1711,9
1712,0
1713,5
1714,6
1715,3
1716,4
1717,4
1718,6
1719,9
1720,7
1721,0
1722,9
1723,6
1724,7
1725,9
1726,5
1727,2
1728,4
1729,0
1730,1
1731,9
1732,8
1733,1
1734,4
1735,5
1736,7
1737,5
1738,0
1739,2
1740,2
1741,9
1742,4
1743,4
1744,2
1745,2
1746,9
1747,0
1748,2
1749,4
1750,8
1751,2
1752,5
1753,8
1754,3
1755,9
1756,4
1757,3
1758,4
1759,7
1760,9
1761,6
1762,5
1763,7
1764,7
1765,2
1766,3
1767,2
1768,8
1769,5
1770,1
1771,0
1772,9
1773,5
1774,3
1775,9
1776,7
1777,0
1778,2
1779,1
1780,0
1781,3
1782,6
1783,2
1784,3
1785,1
1786,0
1787,0
1788,1
1789,1
1790,5
1791,4
1792,5
1793,7
1794,4
1795,9
1796,8
1797,6
1798,7
1799,8
1800,6
1801,8
1802,7
1803,7
1804,1
1805,1
1806,6
1807,5
1808,3
1809,7
1810,9
1811,7
1812,5
1813,0
1814,5
1815,9
1816,2
1817,6
1818,0
1819,7
1820,4
1821,7
1822,7
1823,4
1824,0
1825,9
1826,3
1827,7
1828,9
1829,3
1830,4
1831,5
1832,2
1833,2
1834,0
1835,4
1836,8
1837,1
1838,1
1839,5
1840,5
1841,2
1842,0
1843,5
1844,2
1845,3
1846,7
1847,0
1848,7
1849,4
1850,1
1851,2
1852,5
1853,4
1854,7
1855,1
1856,0
1857,9
1858,8
1859,4
1860,3
1861,3
1862,4
1863,0
1864,7
1865,6
1866,3
1867,7
1868,8
1869,7
1870,8
1871,9
1872,4
1873,6
1874,9
1875,5
1876,6
1877,7
1878,3
1879,8
1880,3
1881,8
1882,1
1883,8
1884,9
1885,6
1886,1
1887,6
1888,6
1889,0
1890,6
1891,3
1892,8
1893,1
1894,5
1895,9
1896,6
1897,5
1898,3
1899,5
1900,2
1901,3
1902,1
1903,2
1904,3
1905,3
1906,3
1907,8
1908,9
1909,8
1910,7
1911,3
1912,5
1913,2
1914,5
1915,9
1916,9
1917,4
1918,9
1919,3
1920,5
1921,7
1922,8
1923,7
1924,0
1925,3
1926,8
1927,5
1928,3
1929,1
1930,3
1931,5
1932,2
1933,3
1934,6
1935,3
1936,4
1937,8
1938,0
1939,0
1940,8
1941,8
1942,8
1943,7
1944,6
1945,0
1946,2
1947,4
1948,6
1949,3
1950,6
1951,0
1952,7
1953,9
1954,8
1955,5
1956,2
1957,2
1958,7
1959,6
1960,0
1961,3
1962,1
1963,7
1964,6
1965,4
1966,9
1967,0
1968,3
1969,0
1970,7
1971,9
1972,4
1973,6
1974,9
1975,3
1976,1
1977,5
1978,2
1979,0
1980,4
1981,1
1982,3
1983,9
1984,7
1985,9
1986,4
1987,6
1988,2
1989,0
1990,1
1991,3
1992,7
1993,1
1994,9
1995,6
1996,5
1997,5
1998,2
1999,4
2000,1
2001,2
2002,9
2003,6
2004,9
2005,3
2006,9
2007,3
2008,4
2009,6
2010,2
2011,9
2012,0
2013,8
2014,7
2015,1
2016,3
2017,7
2018,2
2019,5
2020,1
2021,1
2022,0
2023,8
2024,9
2025,0
2026,9
2027,7
2028,8
2029,5
2030,8
2031,8
2032,4
2033,2
2034,5
2035,7
2036,1
2037,9
2038,8
2039,5
2040,9
2041,3
2042,6
2043,5
2044,8
2045,7
2046,2
2047,8
2048,9
2049,1
2050,1
2051,8
2052,9
2053,6
2054,4
2055,6
2056,5
2057,6
2058,3
2059,2
2060,8
2061,1
2062,8
2063,5
2064,1
2065,6
2066,8
2067,0
2068,3
2069,0
2070,1
2071,7
2072,2
2073,3
2074,0
2075,3
2076,9
2077,0
2078,6
2079,1
2080,2
2081,7
2082,7
2083,2
2084,0
2085,0
2086,2
2087,0
2088,2
2089,9
2090,8
2091,5
2092,1
2093,7
2094,5
2095,8
2096,5
2097,6
2098,9
2099,2
2100,3
2101,0
2102,5
2103,2
2104,3
2105,1
2106,6
2107,7
2108,7
2109,2
2110,0
2111,7
2112,1
2113,5
2114,0
2115,4
2116,3
2117,2
2118,0
2119,4
2120,2
2121,0
2122,3
2123,8
2124,4
2125,7
2126,8
2127,8
2128,7
2129,7
2130,3
2131,5
2132,9
2133,7
2134,5
2135,6
2136,1
2137,2
2138,9
2139,9
2140,9
2141,7
2142,1
2143,5
2144,5
2145,7
2146,2
2147,5
2148,2
2149,1
2150,6
2151,2
2152,9
2153,5
2154,2
2155,7
2156,5
2157,6
2158,0
2159,7
2160,4
2161,0
2162,7
2163,0
2164,5
2165,9
2166,0
2167,4
2168,8
2169,0
2170,2
2171,3
2172,7
2173,5
2174,0
2175,4
2176,8
2177,8
2178,7
2179,6
2180,1
2181,6
2182,8
2183,9
2184,2
2185,7
2186,8
2187,9
2188,7
2189,6
2190,1
2191,2
2192,7
2193,6
2194,3
2195,3
2196,7
2197,5
2198,8
2199,7
2200,2
2201,1
2202,8
2203,4
2204,0
2205,0
2206,1
2207,2
2208,2
2209,0
2210,2
2211,1
2212,2
2213,8
2214,7
2215,2
2216,0
2217,4
2218,3
2219,4
2220,1
2221,6
2222,0
2223,9
2224,0
2225,1
2226,4
2227,0
2228,0
2229,4
2230,8
2231,9
2232,3
2233,4
2234,6
2235,9
2236,7
2237,8
2238,1
2239,2
2240,0
2241,2
2242,5
2243,9
2244,5
2245,2
2246,8
2247,2
2248,5
2249,7
2250,6
2251,5
2252,4
2253,8
2254,0
2255,2
2256,0
2257,2
2258,7
2259,9
2260,1
2261,6
2262,7
2263,1
2264,7
2265,5
2266,5
2267,7
2268,3
2269,4
2270,8
2271,2
2272,0
2273,6
2274,0
2275,6
2276,0
2277,0
2278,5
2279,0
2280,6
2281,2
2282,0
2283,7
2284,7
2285,8
2286,8
2287,7
2288,5
2289,0
2290,0
2291,3
2292,3
2293,0
2294,0
2295,6
2296,8
2297,2
2298,2
2299,3
2300,7
2301,3
2302,9
2303,0
2304,0
2305,5
2306,1
2307,7
2308,3
2309,5
2310,7
2311,7
2312,0
2313,7
2314,3
2315,2
2316,9
2317,7
2318,8
2319,0
2320,1
2321,0
2322,2
2323,7
2324,7
2325,4
2326,3
2327,5
2328,9
2329,9
2330,8
2331,7
2332,2
2333,9
2334,3
2335,1
2336,0
2337,8
2338,1
2339,5
2340,7
2341,7
2342,0
2343,1
2344,2
2345,0
2346,8
2347,6
2348,9
2349,0
2350,7
2351,0
2352,9
2353,8
2354,9
2355,1
2356,5
2357,6
2358,2
2359,8
2360,8
2361,0
2362,7
2363,1
2364,4
2365,4
2366,7
2367,0
2368,5
2369,8
2370,2
2371,6
2372,8
2373,4
2374,5
2375,2
2376,7
2377,6
2378,7
2379,7
2380,1
2381,1
2382,3
2383,1
2384,1
2385,8
2386,8
2387,0
2388,6
2389,7
2390,9
2391,2
2392,3
2393,3
2394,7
2395,4
2396,0
2397,5
2398,3
2399,9
2400,0
2401,4
2402,0
2403,0
2404,4
2405,1
2406,7
2407,8
2408,4
2409,9
2410,8
2411,4
2412,4
2413,8
2414,8
2415,0
2416,1
2417,7
2418,7
2419,2
2420,0
2421,3
2422,6
2423,1
2424,4
2425,9
2426,6
2427,3
2428,3
2429,2
2430,9
2431,1
2432,6
2433,8
2434,4
2435,4
2436,3
2437,1
2438,7
2439,6
2440,2
2441,0
2442,3
2443,2
2444,2
2445,4
2446,5
2447,2
2448,6
2449,8
2450,9
2451,5
2452,4
2453,3
2454,1
2455,2
2456,1
2457,3
2458,5
2459,3
2460,1
2461,5
2462,9
2463,5
2464,4
2465,5
2466,8
2467,4
2468,6
2469,4
2470,9
2471,0
2472,4
2473,3
2474,7
2475,8
2476,0
2477,4
2478,3
2479,3
2480,3
2481,5
2482,4
2483,1
2484,9
2485,7
2486,7
2487,5
2488,3
2489,3
2490,9
2491,6
2492,8
2493,8
2494,8
2495,2
2496,0
2497,0
2498,9
2499,2
2500,0
2501,4
2502,8
2503,7
2504,4
2505,5
2506,0
2507,1
2508,6
2509,1
2510,8
2511,7
2512,5
2513,5
2514,9
2515,8
2516,5
2517,4
2518,5
2519,8
2520,6
2521,4
2522,5
2523,3
2524,2
2525,0
2526,2
2527,9
2528,4
2529,8
2530,4
2531,4
2532,4
2533,4
2534,5
2535,9
2536,3
2537,0
2538,9
2539,3
2540,2
2541,9
2542,1
2543,0
2544,1
2545,8
2546,9
2547,1
2548,5
2549,8
2550,7
2551,2
2552,8
2553,4
2554,7
2555,3
2556,5
2557,0
2558,8
2559,8
2560,8
2561,3
2562,6
2563,4
2564,7
2565,2
2566,2
2567,1
2568,5
2569,6
2570,3
2571,2
2572,0
2573,1
2574,6
2575,9
2576,0
2577,8
2578,2
2579,6
2580,0
2581,1
2582,4
2583,4
2584,5
2585,9
2586,9
2587,9
2588,6
2589,8
2590,6
2591,3
2592,3
2593,1
2594,6
2595,1
2596,1
2597,5
2598,3
2599,9
2600,6
2601,6
2602,7
2603,1
2604,9
2605,5
2606,6
2607,2
2608,4
2609,8
2610,3
2611,6
2612,8
2613,3
2614,4
2615,8
2616,3
2617,6
2618,0
2619,2
2620,5
2621,2
2622,4
2623,3
2624,1
2625,2
2626,4
2627,4
2628,1
2629,2
2630,9
2631,6
2632,3
2633,7
2634,4
2635,9
2636,0
2637,2
2638,9
2639,7
2640,4
2641,6
2642,3
2643,0
2644,2
2645,9
2646,8
2647,9
2648,2
2649,1
2650,1
2651,0
2652,3
2653,3
2654,2
2655,4
2656,4
2657,0
2658,6
2659,4
2660,3
2661,2
2662,6
2663,8
2664,4
2665,2
2666,0
2667,3
2668,7
2669,7
2670,3
2671,4
2672,4
2673,7
2674,3
2675,1
2676,0
2677,2
2678,0
2679,9
2680,2
2681,3
2682,7
2683,7
2684,2
2685,6
2686,9
2687,0
2688,3
2689,5
2690,0
2691,6
2692,2
2693,9
2694,5
2695,2
2696,6
2697,7
2698,7
2699,0
2700,9
2701,7
2702,3
2703,0
2704,4
2705,3
2706,2
2707,2
2708,0
2709,1
2710,4
2711,9
2712,9
2713,4
2714,8
2715,4
2716,0
2717,0
2718,9
2719,2
2720,2
2721,9
2722,9
2723,5
2724,3
2725,3
2726,0
2727,8
2728,6
2729,9
2730,8
2731,8
2732,6
2733,4
2734,1
2735,3
2736,9
2737,2
2738,9
2739,4
2740,4
2741,5
2742,9
2743,5
2744,9
2745,5
2746,9
2747,6
2748,0
2749,6
2750,3
2751,9
2752,3
2753,7
2754,7
2755,8
2756,0
2757,9
2758,0
2759,0
2760,5
2761,5
2762,6
2763,2
2764,2
2765,6
2766,8
2767,8
2768,1
2769,4
2770,8
2771,6
2772,7
2773,5
2774,8
2775,8
2776,1
2777,4
2778,7
2779,9
2780,1
2781,8
2782,5
2783,7
2784,3
2785,9
2786,2
2787,9
2788,6
2789,1
2790,6
2791,5
2792,8
2793,7
2794,6
2795,2
2796,9
2797,7
2798,1
2799,7
2800,6
2801,0
2802,5
2803,7
2804,5
2805,9
2806,2
2807,6
2808,0
2809,4
2810,2
2811,8
2812,7
2813,0
2814,8
2815,1
2816,2
2817,1
2818,0
2819,0
2820,3
2821,8
2822,5
2823,6
2824,6
2825,6
2826,9
2827,4
2828,6
2829,6
2830,3
2831,6
2832,8
2833,2
2834,0
2835,8
2836,2
2837,6
2838,4
2839,9
2840,5
2841,5
2842,4
2843,0
2844,0
2845,5
2846,0
2847,1
2848,2
2849,7
2850,4
2851,9
2852,6
2853,7
2854,2
2855,2
2856,4
2857,1
2858,2
2859,5
2860,5
2861,2
2862,4
2863,6
2864,3
2865,5
2866,5
2867,5
2868,8
2869,5
2870,7
2871,5
2872,6
2873,5
2874,9
2875,9
2876,6
2877,4
2878,3
2879,6
2880,7
2881,6
2882,4
2883,4
2884,2
2885,6
2886,9
2887,6
2888,7
2889,0
2890,3
2891,2
2892,3
2893,5
2894,7
2895,4
2896,0
2897,1
2898,3
2899,1
2900,9
2901,3
2902,5
2903,3
2904,6
2905,7
2906,8
2907,3
2908,6
2909,9
2910,1
2911,3
2912,7
2913,0
2914,8
2915,8
2916,8
2917,6
2918,6
2919,1
2920,9
2921,1
2922,6
2923,1
2924,5
2925,4
2926,5
2927,7
2928,4
2929,5
2930,0
2931,0
2932,7
2933,4
2934,1
2935,1
2936,8
2937,2
2938,8
2939,3
2940,4
2941,3
2942,1
2943,9
2944,1
2945,3
2946,4
2947,1
2948,3
2949,8
2950,3
2951,7
2952,4
2953,0
2954,0
2955,6
2956,9
2957,2
2958,5
2959,4
2960,3
2961,6
2962,7
2963,8
2964,0
2965,2
2966,5
2967,5
2968,8
2969,5
2970,5
2971,7
2972,0
2973,7
2974,9
2975,2
2976,9
2977,5
2978,8
2979,7
2980,2
2981,5
2982,4
2983,7
2984,2
2985,0
2986,6
2987,0
2988,4
2989,9
2990,8
2991,7
2992,3
2993,7
2994,9
2995,4
2996,1
2997,2
2998,8
2999,0
3000,1
3001,4
3002,8
3003,3
3004,4
3005,5
3006,9
3007,5
3008,9
3009,2
3010,6
3011,6
3012,3
3013,0
3014,8
3015,5
3016,1
3017,4
3018,1
3019,8
3020,6
3021,4
3022,4
3023,4
3024,3
