Id,Prob_Yes
1,7.889262586245034e-06
2,0.0024726231566347748
3,0.37754066879814546
4,0.0015011822567369915
5,2.3823690999334297e-07
6,0.00015843621910252594
7,0.32082130082460697
8,0.995929862284104
9,0.9770226300899744
10,0.9999646437492582
11,0.9999898700090192
12,0.9947798743064417
13,0.999983298578152
14,0.2689414213699951
15,0.9626731126558706
16,0.7310585786300049
17,9.610241549947395e-05
18,0.0011695102650555148
19,3.7266392841865614e-06
20,0.9241418199787566
21,0.005220125693558397
22,1.3007128466476033e-05
23,0.679178699175393
24,0.07585818002124356
25,0.9046505351008906
26,0.9706877692486436
27,2.3823690999334297e-07
28,3.059022269256247e-07
29,2.3823690999334297e-07
30,0.01098694263059318
31,2.902311985211097e-06
32,3.059022269256247e-07
33,6.144174602214718e-06
34,1.12535162055095e-07
35,0.0953494648991095
36,3.7266392841865614e-06
37,0.0031726828424851893
38,0.0019267346633274755
39,0.0011695102650555148
40,2.2603242979035742e-06
41,0.006692850924284856
42,6.825602910446288e-08
43,2.3823690999334297e-07
44,1.670142184809518e-05
45,2.3823690999334297e-07
46,0.0011695102650555148
47,2.3823690999334297e-07
48,6.475947982049266e-07
49,5.3157849718487075e-08
50,0.00012339457598623172
51,0.9995694429186754
52,0.5621765008857981
53,0.5
54,0.9820137900379085
55,0.9999898700090192
56,0.7310585786300049
57,0.999998629042793
58,0.9975273768433653
59,0.9999251537724895
60,0.017986209962091555
61,0.9999996072137998
62,0.9947798743064417
63,0.9626731126558706
64,0.9859363729567544
65,0.9525741268224334
66,0.9399133498259924
67,0.9999921107374138
68,0.9241418199787566
69,0.9999785550515792
70,0.995929862284104
71,0.8807970779778823
72,0.9999869928715335
73,0.9994472213630764
74,0.029312230751356316
75,0.9997388096809043
76,0.9947798743064417
77,0.8519528019683106
78,0.7772998611746911
79,0.037326887344129464
80,0.01098694263059318
81,0.9968273171575148
82,0.9998415637808975
83,0.9999982396567868
84,0.9998415637808975
85,0.9999997617630899
86,0.8519528019683106
87,0.9999996072137998
88,0.9999993524052017
89,0.999999931743971
90,0.9999869928715335
91,0.998498817743263
92,0.991422514586288
93,0.9999962733607158
94,0.9999991684719722
95,0.991422514586288
96,0.22270013882530884
97,0.999983298578152
98,0.9999898700090192
99,0.9988304897349445
100,0.8175744761936437
101,0.9980732653366725
102,0.999998629042793
103,0.9046505351008906
104,0.9988304897349445
105,0.8175744761936437
106,0.9997965730219448
107,0.7310585786300049
108,0.9999898700090192
109,0.9999038975845005
110,0.9999999123575255
111,0.9859363729567544
112,0.9992903296008995
113,0.9399133498259924
114,0.9999998555019962
115,0.9992903296008995
116,0.9997965730219448
117,0.9999869928715335
118,0.4378234991142019
119,0.9999962733607158
120,0.9947798743064417
121,0.9999785550515792
122,0.999997739675702
123,0.2689414213699951
124,0.9999998144608981
125,0.9999962733607158
126,0.9999724643088853
127,0.9999952149055051
128,0.9975273768433653
129,0.9999251537724895
130,0.9933071490757153
131,0.7310585786300049
132,0.9999921107374138
133,0.9999938558253978
134,0.9947798743064417
135,0.9998415637808975
136,0.9999938558253978
137,0.9859363729567544
138,0.9999999468421502
139,0.029312230751356316
140,0.999999931743971
141,0.9999991684719722
142,0.9980732653366725
143,0.9999898700090192
144,0.998498817743263
145,0.9999546021312976
146,0.9995694429186754
147,0.9770226300899744
148,0.9999998874648379
149,0.999999974890009
150,0.0019267346633274755
151,0.679178699175393
152,0.9994472213630764
153,0.9997388096809043
154,0.9995694429186754
155,0.9999994956525918
156,0.9890130573694068
157,0.9999898700090192
158,0.9999962733607158
159,0.9890130573694068
160,0.9947798743064417
161,0.8175744761936437
162,0.999997739675702
163,0.999997739675702
164,0.017986209962091555
165,0.0953494648991095
166,0.9999898700090192
167,0.9999952149055051
168,0.9947798743064417
169,0.9999785550515792
170,0.7772998611746911
171,0.9999646437492582
172,0.9999991684719722
173,0.37754066879814546
174,0.6224593312018546
175,0.9859363729567544
176,0.9706877692486436
177,0.7310585786300049
178,0.9999999928058669
179,0.8807970779778823
180,0.22270013882530884
181,0.9997965730219448
182,0.991422514586288
183,0.04742587317756679
184,0.9999989322971299
185,0.9999646437492582
186,0.9992903296008995
187,0.9999989322971299
188,2.144494842091395e-05
189,0.0007096703991005882
190,1.4449800373124837e-07
191,5.043474082014517e-07
192,5.043474082014517e-07
193,0.00012339457598623172
194,5.043474082014517e-07
195,5.043474082014517e-07
196,6.825602910446288e-08
197,1.3709572068578445e-06
198,1.8553910183683314e-07
199,5.043474082014517e-07
200,1.0129990980873921e-05
201,1.0677028700441467e-06
202,8.764247451323235e-08
203,3.535625074174431e-05
204,3.2241866333029355e-08
205,0.02297736991002561
206,0.0011695102650555148
207,0.00033535013046647816
208,1.4449800373124837e-07
209,2.902311985211097e-06
210,6.475947982049266e-07
211,3.535625074174431e-05
212,8.764247451323235e-08
213,1.4449800373124837e-07
214,0.0019267346633274755
215,4.5397868702434395e-05
216,0.0011695102650555148
217,1.0677028700441467e-06
218,5.043474082014517e-07
219,1.8553910183683314e-07
220,0.5621765008857981
221,5.043474082014517e-07
222,0.017986209962091555
223,2.2603242979035742e-06
224,6.475947982049266e-07
225,0.0019267346633274755
226,5.043474082014517e-07
227,2.753569111458347e-05
228,0.9820137900379085
229,0.9770226300899744
230,0.0031726828424851893
231,2.2603242979035742e-06
232,0.0002034269780552065
233,8.315280276641321e-07
234,3.9278620026704423e-07
235,1.3007128466476033e-05
236,1.7603432133424858e-06
237,0.9525741268224334
238,6.144174602214718e-06
239,8.315280276641321e-07
240,1.3709572068578445e-06
241,3.7266392841865614e-06
242,4.785094494890118e-06
243,8.315280276641321e-07
244,0.9988304897349445
245,5.043474082014517e-07
246,5.043474082014517e-07
247,3.535625074174431e-05
248,1.670142184809518e-05
249,6.475947982049266e-07
250,1.7603432133424858e-06
251,2.2603242979035742e-06
252,5.043474082014517e-07
253,5.043474082014517e-07
254,5.3157849718487075e-08
255,5.043474082014517e-07
256,3.9278620026704423e-07
257,5.043474082014517e-07
258,2.144494842091395e-05
259,1.670142184809518e-05
260,6.475947982049266e-07
261,3.7266392841865614e-06
262,2.3823690999334297e-07
263,5.043474082014517e-07
264,0.0011695102650555148
265,9.610241549947395e-05
266,3.9278620026704423e-07
267,0.00012339457598623172
268,5.043474082014517e-07
269,4.5397868702434395e-05
270,7.484622751061124e-05
271,0.029312230751356316
272,0.0019267346633274755
273,7.889262586245034e-06
274,0.017986209962091555
275,8.315280276641321e-07
276,1.4449800373124837e-07
277,0.0031726828424851893
278,6.475947982049266e-07
279,3.059022269256247e-07
280,3.059022269256247e-07
281,0.02297736991002561
282,1.8553910183683314e-07
283,0.037326887344129464
284,3.059022269256247e-07
285,3.059022269256247e-07
286,0.11920292202211755
287,3.9278620026704423e-07
288,7.889262586245034e-06
289,5.043474082014517e-07
290,2.3823690999334297e-07
291,2.3823690999334297e-07
292,8.315280276641321e-07
293,0.04742587317756679
294,1.3709572068578445e-06
295,1.8553910183683314e-07
296,1.0129990980873921e-05
297,2.3823690999334297e-07
298,5.3157849718487075e-08
299,0.029312230751356316
300,6.475947982049266e-07
301,6.825602910446288e-08
302,3.7266392841865614e-06
303,0.9241418199787566
304,0.9999998555019962
305,4.5397868702434395e-05
306,0.00012339457598623172
307,5.043474082014517e-07
308,2.144494842091395e-05
309,0.0009110511944006454
310,0.9980732653366725
311,3.7266392841865614e-06
312,2.2603242979035742e-06
313,0.0031726828424851893
314,8.764247451323235e-08
315,1.8553910183683314e-07
316,2.3823690999334297e-07
317,0.0005527786369235996
318,0.9706877692486436
319,1.4449800373124837e-07
320,0.9241418199787566
321,1.670142184809518e-05
322,3.9278620026704423e-07
323,3.9278620026704423e-07
324,1.3709572068578445e-06
325,5.043474082014517e-07
326,0.006692850924284856
327,1.0677028700441467e-06
328,2.753569111458347e-05
329,1.670142184809518e-05
330,1.0677028700441467e-06
331,0.00015843621910252594
332,4.5397868702434395e-05
333,5.829126566113865e-05
334,0.0009110511944006454
335,0.8175744761936437
336,0.9999724643088853
337,5.829126566113865e-05
338,0.8175744761936437
339,0.9968273171575148
340,0.9995694429186754
341,9.610241549947395e-05
342,0.8807970779778823
343,0.9399133498259924
344,0.9933071490757153
345,0.9399133498259924
346,0.008577485413711986
347,0.9890130573694068
348,0.9046505351008906
349,0.999998629042793
350,0.9626731126558706
351,0.07585818002124356
352,0.014063627043245474
353,3.535625074174431e-05
354,0.037326887344129464
355,0.00043055708132461493
356,0.9975273768433653
357,0.7772998611746911
358,0.9995694429186754
359,0.11920292202211755
360,5.829126566113865e-05
361,7.484622751061124e-05
362,0.9820137900379085
363,0.0953494648991095
364,0.9999646437492582
365,0.0009110511944006454
366,0.00015843621910252594
367,0.9933071490757153
368,0.37754066879814546
369,0.04742587317756679
370,0.029312230751356316
371,2.144494842091395e-05
372,0.9241418199787566
373,0.0002611903190957194
374,0.07585818002124356
375,0.9999898700090192
376,0.9975273768433653
377,0.9975273768433653
378,0.32082130082460697
379,0.9999646437492582
380,0.008577485413711986
381,0.9890130573694068
382,0.8519528019683106
383,0.0953494648991095
384,0.0024726231566347748
385,0.5
386,0.014063627043245474
387,0.9999989322971299
388,0.8807970779778823
389,0.00012339457598623172
390,0.07585818002124356
391,0.9999724643088853
392,0.32082130082460697
393,0.00012339457598623172
394,0.1480471980316895
395,0.991422514586288
396,0.5621765008857981
397,0.991422514586288
398,0.9975273768433653
399,0.11920292202211755
400,0.0015011822567369915
401,3.059022269256247e-07
402,0.9997388096809043
403,0.01098694263059318
404,0.0002611903190957194
405,0.9525741268224334
406,7.484622751061124e-05
407,8.764247451323235e-08
408,3.9278620026704423e-07
409,1.8553910183683314e-07
410,3.9278620026704423e-07
411,7.484622751061124e-05
412,6.144174602214718e-06
413,0.004070137715896127
414,3.059022269256247e-07
415,1.0677028700441467e-06
416,0.014063627043245474
417,3.535625074174431e-05
418,3.9278620026704423e-07
419,0.00033535013046647816
420,2.902311985211097e-06
421,2.753569111458347e-05
422,6.144174602214718e-06
423,2.753569111458347e-05
424,9.610241549947395e-05
425,3.059022269256247e-07
426,1.0677028700441467e-06
427,2.902311985211097e-06
428,1.0677028700441467e-06
429,3.059022269256247e-07
430,2.3823690999334297e-07
431,9.610241549947395e-05
432,0.7310585786300049
433,0.00015843621910252594
434,1.0677028700441467e-06
435,6.475947982049266e-07
436,2.3823690999334297e-07
437,1.8553910183683314e-07
438,1.0677028700441467e-06
439,6.475947982049266e-07
440,0.0953494648991095
441,6.144174602214718e-06
442,0.00015843621910252594
443,3.059022269256247e-07
444,9.610241549947395e-05
445,0.5621765008857981
446,0.0024726231566347748
447,0.004070137715896127
448,0.006692850924284856
449,0.005220125693558397
450,0.07585818002124356
451,1.12535162055095e-07
452,0.0011695102650555148
453,1.670142184809518e-05
454,6.825602910446288e-08
455,0.0031726828424851893
456,0.0002611903190957194
457,3.7266392841865614e-06
458,6.144174602214718e-06
459,1.4449800373124837e-07
460,2.753569111458347e-05
461,8.764247451323235e-08
462,6.475947982049266e-07
463,4.785094494890118e-06
464,5.043474082014517e-07
465,0.0007096703991005882
466,6.475947982049266e-07
467,1.0129990980873921e-05
468,6.144174602214718e-06
469,3.7266392841865614e-06
470,1.0677028700441467e-06
471,0.0005527786369235996
472,5.3157849718487075e-08
473,2.2603242979035742e-06
474,1.4449800373124837e-07
475,1.8553910183683314e-07
476,0.0019267346633274755
477,4.785094494890118e-06
478,1.4449800373124837e-07
479,6.144174602214718e-06
480,1.0677028700441467e-06
481,1.0677028700441467e-06
482,0.8175744761936437
483,1.0129990980873921e-05
484,1.0677028700441467e-06
485,5.043474082014517e-07
486,1.0677028700441467e-06
487,6.144174602214718e-06
488,3.9278620026704423e-07
489,1.3709572068578445e-06
490,0.9997965730219448
491,0.9820137900379085
492,0.9999938558253978
493,0.9525741268224334
494,0.22270013882530884
495,0.9975273768433653
496,0.9999952149055051
497,0.9933071490757153
498,0.9399133498259924
499,0.2689414213699951
500,0.9980732653366725
501,0.9525741268224334
502,0.0002034269780552065
503,1.8553910183683314e-07
504,1.4449800373124837e-07
505,1.3709572068578445e-06
506,1.12535162055095e-07
507,5.043474082014517e-07
508,0.00043055708132461493
509,5.043474082014517e-07
510,5.043474082014517e-07
511,1.0129990980873921e-05
512,5.043474082014517e-07
513,5.043474082014517e-07
514,1.0129990980873921e-05
515,5.043474082014517e-07
516,1.4449800373124837e-07
517,1.12535162055095e-07
518,1.8553910183683314e-07
519,9.237449576640118e-09
520,1.0129990980873921e-05
521,0.017986209962091555
522,0.0002611903190957194
523,5.043474082014517e-07
524,1.4449800373124837e-07
525,9.610241549947395e-05
526,1.12535162055095e-07
527,0.9999898700090192
528,1.12535162055095e-07
529,1.0677028700441467e-06
530,1.4449800373124837e-07
531,3.059022269256247e-07
532,5.043474082014517e-07
533,1.8553910183683314e-07
534,1.12535162055095e-07
535,5.043474082014517e-07
536,8.764247451323235e-08
537,5.043474082014517e-07
538,3.059022269256247e-07
539,8.764247451323235e-08
540,1.12535162055095e-07
541,0.037326887344129464
542,0.00043055708132461493
543,5.043474082014517e-07
544,3.059022269256247e-07
545,6.825602910446288e-08
546,5.043474082014517e-07
547,8.315280276641321e-07
548,5.043474082014517e-07
549,0.9988304897349445
550,0.006692850924284856
551,3.535625074174431e-05
552,1.12535162055095e-07
553,0.9988304897349445
554,2.902311985211097e-06
555,1.8553910183683314e-07
556,0.005220125693558397
557,5.043474082014517e-07
558,5.043474082014517e-07
559,1.8553910183683314e-07
560,5.043474082014517e-07
561,5.829126566113865e-05
562,1.0677028700441467e-06
563,2.2603242979035742e-06
564,8.315280276641321e-07
565,0.008577485413711986
566,7.484622751061124e-05
567,5.043474082014517e-07
568,1.4449800373124837e-07
569,1.7603432133424858e-06
570,5.043474082014517e-07
571,9.610241549947395e-05
572,3.059022269256247e-07
573,1.8553910183683314e-07
574,2.3823690999334297e-07
575,3.9278620026704423e-07
576,0.017986209962091555
577,2.2603242979035742e-06
578,6.475947982049266e-07
579,1.0677028700441467e-06
580,0.06008665017400762
581,5.043474082014517e-07
582,1.12535162055095e-07
583,1.4449800373124837e-07
584,5.043474082014517e-07
585,7.889262586245034e-06
586,4.5397868702434395e-05
587,3.059022269256247e-07
588,2.3823690999334297e-07
589,4.785094494890118e-06
590,1.0677028700441467e-06
591,8.315280276641321e-07
592,8.315280276641321e-07
593,3.9278620026704423e-07
594,5.043474082014517e-07
595,5.043474082014517e-07
596,8.315280276641321e-07
597,1.7603432133424858e-06
598,1.670142184809518e-05
599,2.2603242979035742e-06
600,7.889262586245034e-06
601,1.3007128466476033e-05
602,2.902311985211097e-06
603,1.0129990980873921e-05
604,1.670142184809518e-05
605,1.0129990980873921e-05
606,3.059022269256247e-07
607,3.7266392841865614e-06
608,2.902311985211097e-06
609,0.00012339457598623172
610,6.144174602214718e-06
611,2.3823690999334297e-07
612,1.12535162055095e-07
613,1.3709572068578445e-06
614,5.829126566113865e-05
615,8.315280276641321e-07
616,5.043474082014517e-07
617,0.005220125693558397
618,8.764247451323235e-08
619,2.3823690999334297e-07
620,5.043474082014517e-07
621,3.059022269256247e-07
622,0.0002611903190957194
623,5.043474082014517e-07
624,6.825602910446288e-08
625,2.753569111458347e-05
626,6.144174602214718e-06
627,8.315280276641321e-07
628,0.7772998611746911
629,5.043474082014517e-07
630,2.3823690999334297e-07
631,1.7603432133424858e-06
632,1.12535162055095e-07
633,0.0024726231566347748
634,6.144174602214718e-06
635,5.043474082014517e-07
636,5.043474082014517e-07
637,6.475947982049266e-07
638,5.043474082014517e-07
639,5.043474082014517e-07
640,5.043474082014517e-07
641,2.2603242979035742e-06
642,3.059022269256247e-07
643,6.475947982049266e-07
644,3.059022269256247e-07
645,1.0129990980873921e-05
646,0.06008665017400762
647,5.043474082014517e-07
648,3.9278620026704423e-07
649,5.043474082014517e-07
650,3.9278620026704423e-07
651,1.0677028700441467e-06
652,5.043474082014517e-07
653,5.043474082014517e-07
654,5.829126566113865e-05
655,5.043474082014517e-07
656,3.9278620026704423e-07
657,8.764247451323235e-08
658,5.043474082014517e-07
659,5.043474082014517e-07
660,3.9278620026704423e-07
661,2.5109990926928157e-08
662,3.059022269256247e-07
663,2.3823690999334297e-07
664,1.8553910183683314e-07
665,1.3007128466476033e-05
666,8.315280276641321e-07
667,0.0002034269780552065
668,0.9999898700090192
669,8.315280276641321e-07
670,5.043474082014517e-07
671,0.00012339457598623172
672,5.043474082014517e-07
673,0.0002034269780552065
674,1.3007128466476033e-05
675,8.764247451323235e-08
676,0.8519528019683106
677,5.043474082014517e-07
678,5.043474082014517e-07
679,6.475947982049266e-07
680,5.043474082014517e-07
681,2.902311985211097e-06
682,2.2603242979035742e-06
683,1.8553910183683314e-07
684,0.8175744761936437
685,8.315280276641321e-07
686,3.535625074174431e-05
687,8.764247451323235e-08
688,0.0005527786369235996
689,4.1399375473943306e-08
690,5.043474082014517e-07
691,1.8553910183683314e-07
692,7.484622751061124e-05
693,3.059022269256247e-07
694,8.764247451323235e-08
695,0.00015843621910252594
696,1.8553910183683314e-07
697,5.043474082014517e-07
698,1.0677028700441467e-06
699,7.484622751061124e-05
700,5.3157849718487075e-08
701,3.059022269256247e-07
702,3.535625074174431e-05
703,1.670142184809518e-05
704,0.8807970779778823
705,8.315280276641321e-07
706,3.9278620026704423e-07
707,0.006692850924284856
708,3.7266392841865614e-06
709,1.12535162055095e-07
710,0.9525741268224334
711,2.3823690999334297e-07
712,5.043474082014517e-07
713,3.9278620026704423e-07
714,0.0009110511944006454
715,6.475947982049266e-07
716,3.059022269256247e-07
717,3.059022269256247e-07
718,1.8553910183683314e-07
719,3.059022269256247e-07
720,5.043474082014517e-07
721,2.3823690999334297e-07
722,0.00012339457598623172
723,1.8553910183683314e-07
724,3.059022269256247e-07
725,5.043474082014517e-07
726,3.7266392841865614e-06
727,0.02297736991002561
728,6.475947982049266e-07
729,1.3709572068578445e-06
730,0.005220125693558397
731,3.059022269256247e-07
732,3.9278620026704423e-07
733,2.3823690999334297e-07
734,6.475947982049266e-07
735,0.02297736991002561
736,5.043474082014517e-07
737,0.0005527786369235996
738,0.0031726828424851893
739,1.7603432133424858e-06
740,5.043474082014517e-07
741,5.043474082014517e-07
742,6.825602910446288e-08
743,5.043474082014517e-07
744,8.764247451323235e-08
745,2.3823690999334297e-07
746,2.3823690999334297e-07
747,4.785094494890118e-06
748,1.12535162055095e-07
749,2.2603242979035742e-06
750,1.12535162055095e-07
751,6.475947982049266e-07
752,5.043474082014517e-07
753,1.4449800373124837e-07
754,2.144494842091395e-05
755,1.3709572068578445e-06
756,0.017986209962091555
757,5.043474082014517e-07
758,4.1399375473943306e-08
759,6.825602910446288e-08
760,5.043474082014517e-07
761,0.32082130082460697
762,9.610241549947395e-05
763,5.043474082014517e-07
764,0.0005527786369235996
765,2.3823690999334297e-07
766,0.00012339457598623172
767,0.017986209962091555
768,5.043474082014517e-07
769,7.889262586245034e-06
770,5.043474082014517e-07
771,2.2603242979035742e-06
772,8.315280276641321e-07
773,4.785094494890118e-06
774,3.9278620026704423e-07
775,2.902311985211097e-06
776,3.2241866333029355e-08
777,5.043474082014517e-07
778,3.9278620026704423e-07
779,3.7266392841865614e-06
780,1.4449800373124837e-07
781,1.4449800373124837e-07
782,6.475947982049266e-07
783,0.9706877692486436
784,3.7266392841865614e-06
785,9.610241549947395e-05
786,2.3823690999334297e-07
787,3.059022269256247e-07
788,5.043474082014517e-07
789,2.902311985211097e-06
790,5.043474082014517e-07
791,2.3823690999334297e-07
792,2.2603242979035742e-06
793,0.00033535013046647816
794,1.4449800373124837e-07
795,3.2241866333029355e-08
796,1.670142184809518e-05
797,9.610241549947395e-05
798,3.059022269256247e-07
799,3.059022269256247e-07
800,0.9980732653366725
801,0.7310585786300049
802,0.9947798743064417
803,0.9999989322971299
804,0.9890130573694068
805,0.006692850924284856
806,0.8175744761936437
807,7.889262586245034e-06
808,0.11920292202211755
809,3.535625074174431e-05
810,0.00043055708132461493
811,0.008577485413711986
812,3.059022269256247e-07
813,4.5397868702434395e-05
814,1.670142184809518e-05
815,1.8553910183683314e-07
816,0.00033535013046647816
817,4.5397868702434395e-05
818,5.829126566113865e-05
819,5.043474082014517e-07
820,0.006692850924284856
821,0.01098694263059318
822,1.3007128466476033e-05
823,0.9626731126558706
824,0.00043055708132461493
825,0.32082130082460697
826,0.22270013882530884
827,0.8175744761936437
828,0.9995694429186754
829,0.0031726828424851893
830,0.0015011822567369915
831,0.0953494648991095
832,0.9999417087343389
833,0.00015843621910252594
834,0.32082130082460697
835,0.0019267346633274755
836,0.06008665017400762
837,0.9820137900379085
838,0.7310585786300049
839,0.8807970779778823
840,0.9933071490757153
841,0.8175744761936437
842,0.9980732653366725
843,0.00015843621910252594
844,0.22270013882530884
845,0.22270013882530884
846,0.04742587317756679
847,0.07585818002124356
848,2.902311985211097e-06
849,0.9999724643088853
850,5.043474082014517e-07
851,7.889262586245034e-06
852,0.004070137715896127
853,0.9933071490757153
854,0.04742587317756679
855,0.9994472213630764
856,0.9999997617630899
857,0.32082130082460697
858,0.6224593312018546
859,5.829126566113865e-05
860,3.9278620026704423e-07
861,1.4449800373124837e-07
862,0.02297736991002561
863,2.3823690999334297e-07
864,1.3709572068578445e-06
865,7.889262586245034e-06
866,0.9626731126558706
867,2.902311985211097e-06
868,5.043474082014517e-07
869,0.017986209962091555
870,2.902311985211097e-06
871,5.829126566113865e-05
872,3.059022269256247e-07
873,3.7266392841865614e-06
874,0.32082130082460697
875,2.2603242979035742e-06
876,2.3823690999334297e-07
877,1.4449800373124837e-07
878,0.0002611903190957194
879,0.0019267346633274755
880,1.670142184809518e-05
881,3.059022269256247e-07
882,5.043474082014517e-07
883,1.0677028700441467e-06
884,1.7603432133424858e-06
885,0.0953494648991095
886,0.5621765008857981
887,0.11920292202211755
888,1.0129990980873921e-05
889,0.9890130573694068
890,0.0009110511944006454
891,0.9525741268224334
892,0.0953494648991095
893,0.7310585786300049
894,0.029312230751356316
895,0.5621765008857981
896,0.9994472213630764
897,0.02297736991002561
898,0.8807970779778823
899,0.9988304897349445
900,0.9999993524052017
901,0.9968273171575148
902,0.8807970779778823
903,0.9859363729567544
904,0.029312230751356316
905,0.7310585786300049
906,0.5621765008857981
907,0.9999962733607158
908,0.9046505351008906
909,0.37754066879814546
910,0.999998629042793
911,0.9933071490757153
912,0.8807970779778823
913,0.9999251537724895
914,0.18242552380635632
915,0.9999952149055051
916,0.9975273768433653
917,0.9820137900379085
918,0.6224593312018546
919,0.9998415637808975
920,0.4378234991142019
921,0.9999724643088853
922,0.999997739675702
923,0.9947798743064417
924,0.9999989322971299
925,0.6224593312018546
926,0.999983298578152
927,0.9999724643088853
928,0.11920292202211755
929,0.9046505351008906
930,0.9241418199787566
931,0.5621765008857981
932,0.9999038975845005
933,0.9626731126558706
934,0.9525741268224334
935,1.4449800373124837e-07
936,0.9996646498695336
937,0.9999952149055051
938,0.9999989322971299
939,0.9999989322971299
940,0.9997965730219448
941,0.7310585786300049
942,0.9999546021312976
943,0.9706877692486436
944,0.004070137715896127
945,0.9999989322971299
946,0.9999999468421502
947,0.9046505351008906
948,0.32082130082460697
949,0.9933071490757153
950,0.995929862284104
951,0.9988304897349445
952,0.9968273171575148
953,0.9997965730219448
954,0.9999938558253978
955,0.4378234991142019
956,0.9998766054240137
957,0.9988304897349445
958,0.9999997617630899
959,0.9992903296008995
960,0.5
961,0.9997388096809043
962,0.9241418199787566
963,0.9706877692486436
964,0.4378234991142019
965,0.9980732653366725
966,0.9999724643088853
967,0.8807970779778823
968,0.9999989322971299
969,0.008577485413711986
970,0.9988304897349445
971,0.999983298578152
972,0.9241418199787566
973,0.9999417087343389
974,0.9975273768433653
975,0.9999869928715335
976,0.9999970976880148
977,0.9975273768433653
978,0.9999546021312976
979,0.9988304897349445
980,0.9999996072137998
981,0.22270013882530884
982,0.999999694097773
983,0.5
984,0.9999921107374138
985,0.679178699175393
986,0.7310585786300049
987,0.02297736991002561
988,0.9995694429186754
989,0.679178699175393
990,0.9999646437492582
991,0.1480471980316895
992,0.4378234991142019
993,0.6224593312018546
994,0.9999982396567868
995,0.9046505351008906
996,0.999983298578152
997,0.4378234991142019
998,0.9999962733607158
999,0.9997965730219448
1000,0.9995694429186754
1001,0.18242552380635632
1002,0.9999993524052017
1003,0.9820137900379085
1004,0.9626731126558706
1005,0.9999921107374138
1006,0.9999982396567868
1007,0.9399133498259924
1008,0.8175744761936437
1009,0.9999962733607158
1010,0.7310585786300049
1011,0.999998629042793
1012,0.9947798743064417
1013,0.9994472213630764
1014,0.9999970976880148
1015,0.9999991684719722
1016,0.9626731126558706
1017,0.9241418199787566
1018,0.9706877692486436
1019,0.9999038975845005
1020,0.22270013882530884
1021,0.8519528019683106
1022,0.6224593312018546
1023,0.998498817743263
1024,0.9988304897349445
1025,0.18242552380635632
1026,0.9999417087343389
1027,0.9947798743064417
1028,0.9968273171575148
1029,0.999997739675702
1030,0.9975273768433653
1031,0.2689414213699951
1032,0.999983298578152
1033,0.9999869928715335
1034,0.7310585786300049
1035,0.9399133498259924
1036,0.9998415637808975
1037,0.9999921107374138
1038,0.9399133498259924
1039,0.9996646498695336
1040,0.9997388096809043
1041,0.9994472213630764
1042,0.9999646437492582
1043,0.9988304897349445
1044,0.998498817743263
1045,0.9990889488055994
1046,0.32082130082460697
1047,0.9996646498695336
1048,0.9988304897349445
1049,0.9626731126558706
1050,0.998498817743263
1051,0.679178699175393
1052,0.5621765008857981
1053,0.9968273171575148
1054,0.999998629042793
1055,0.9947798743064417
1056,0.7772998611746911
1057,0.8807970779778823
1058,0.9999921107374138
1059,0.9990889488055994
1060,0.9933071490757153
1061,0.9998766054240137
1062,0.7310585786300049
1063,0.2689414213699951
1064,0.9997965730219448
1065,0.7310585786300049
1066,0.9968273171575148
1067,0.9046505351008906
1068,0.5621765008857981
1069,0.9046505351008906
1070,0.9998766054240137
1071,0.999997739675702
1072,0.9998766054240137
1073,0.8807970779778823
1074,0.991422514586288
1075,0.9626731126558706
1076,0.9820137900379085
1077,0.9999417087343389
1078,0.9999999586006244
1079,0.9990889488055994
1080,0.9999898700090192
1081,0.9999038975845005
1082,0.9770226300899744
1083,0.8519528019683106
1084,0.991422514586288
1085,0.9999646437492582
1086,0.7772998611746911
1087,0.9399133498259924
1088,0.9890130573694068
1089,0.9999921107374138
1090,0.06008665017400762
1091,0.5
1092,0.5
1093,0.995929862284104
1094,0.9859363729567544
1095,0.995929862284104
1096,0.9947798743064417
1097,0.9399133498259924
1098,0.9992903296008995
1099,0.7772998611746911
1100,0.37754066879814546
1101,0.9399133498259924
1102,0.9996646498695336
1103,0.9996646498695336
1104,0.995929862284104
1105,0.995929862284104
1106,0.9999251537724895
1107,0.9399133498259924
1108,0.9968273171575148
1109,0.9968273171575148
1110,0.2689414213699951
1111,0.9999417087343389
1112,0.9626731126558706
1113,0.9998415637808975
1114,0.998498817743263
1115,0.995929862284104
1116,0.999983298578152
1117,0.998498817743263
1118,0.9999993524052017
1119,0.998498817743263
1120,0.8807970779778823
1121,0.1480471980316895
1122,0.18242552380635632
1123,0.5621765008857981
1124,0.9995694429186754
1125,0.9046505351008906
1126,0.9999724643088853
1127,0.9999546021312976
1128,0.9995694429186754
1129,0.9933071490757153
1130,0.9770226300899744
1131,0.999999931743971
1132,0.9999417087343389
1133,0.9997965730219448
1134,0.8175744761936437
1135,0.9947798743064417
1136,0.995929862284104
1137,0.9996646498695336
1138,0.07585818002124356
1139,0.0031726828424851893
1140,0.0005527786369235996
1141,0.995929862284104
1142,0.9995694429186754
1143,0.0953494648991095
1144,0.7310585786300049
1145,0.0002034269780552065
1146,0.9968273171575148
1147,2.2603242979035742e-06
1148,3.059022269256247e-07
1149,1.12535162055095e-07
1150,1.8553910183683314e-07
1151,1.8553910183683314e-07
1152,5.043474082014517e-07
1153,2.3823690999334297e-07
1154,3.9278620026704423e-07
1155,5.043474082014517e-07
1156,2.753569111458347e-05
1157,2.753569111458347e-05
1158,5.043474082014517e-07
1159,1.4449800373124837e-07
1160,5.043474082014517e-07
1161,1.8553910183683314e-07
1162,6.144174602214718e-06
1163,1.3709572068578445e-06
1164,2.902311985211097e-06
1165,5.043474082014517e-07
1166,1.3709572068578445e-06
1167,1.12535162055095e-07
1168,0.0007096703991005882
1169,5.043474082014517e-07
1170,5.043474082014517e-07
1171,2.3823690999334297e-07
1172,5.043474082014517e-07
1173,1.8553910183683314e-07
1174,1.7603432133424858e-06
1175,3.9278620026704423e-07
1176,3.059022269256247e-07
1177,8.315280276641321e-07
1178,1.0677028700441467e-06
1179,1.8553910183683314e-07
1180,5.3157849718487075e-08
1181,1.3007128466476033e-05
1182,1.0677028700441467e-06
1183,5.043474082014517e-07
1184,5.043474082014517e-07
1185,1.7603432133424858e-06
1186,1.7603432133424858e-06
1187,6.475947982049266e-07
1188,5.043474082014517e-07
1189,0.9999999123575255
1190,5.043474082014517e-07
1191,3.9278620026704423e-07
1192,3.535625074174431e-05
1193,5.043474082014517e-07
1194,5.043474082014517e-07
1195,1.4449800373124837e-07
1196,5.043474082014517e-07
1197,5.043474082014517e-07
1198,2.3823690999334297e-07
1199,5.043474082014517e-07
1200,3.059022269256247e-07
1201,2.144494842091395e-05
1202,5.043474082014517e-07
1203,5.043474082014517e-07
1204,4.5397868702434395e-05
1205,1.4449800373124837e-07
1206,2.902311985211097e-06
1207,0.02297736991002561
1208,0.9999921107374138
1209,0.1480471980316895
1210,3.059022269256247e-07
1211,3.7266392841865614e-06
1212,1.7603432133424858e-06
1213,1.0677028700441467e-06
1214,0.0005527786369235996
1215,5.043474082014517e-07
1216,5.043474082014517e-07
1217,3.7266392841865614e-06
1218,2.2603242979035742e-06
1219,3.059022269256247e-07
1220,1.4449800373124837e-07
1221,6.825602910446288e-08
1222,3.9278620026704423e-07
1223,2.3823690999334297e-07
1224,5.043474082014517e-07
1225,5.043474082014517e-07
1226,5.043474082014517e-07
1227,0.9241418199787566
1228,2.144494842091395e-05
1229,4.5397868702434395e-05
1230,1.8553910183683314e-07
1231,5.043474082014517e-07
1232,5.043474082014517e-07
1233,6.475947982049266e-07
1234,5.043474082014517e-07
1235,3.059022269256247e-07
1236,5.043474082014517e-07
1237,1.8553910183683314e-07
1238,1.12535162055095e-07
1239,1.3709572068578445e-06
1240,6.475947982049266e-07
1241,7.889262586245034e-06
1242,5.043474082014517e-07
1243,1.4449800373124837e-07
1244,5.829126566113865e-05
1245,5.043474082014517e-07
1246,5.043474082014517e-07
1247,3.9278620026704423e-07
1248,0.005220125693558397
1249,3.059022269256247e-07
1250,5.043474082014517e-07
1251,1.12535162055095e-07
1252,5.043474082014517e-07
1253,2.3823690999334297e-07
1254,1.4449800373124837e-07
1255,3.059022269256247e-07
1256,6.475947982049266e-07
1257,0.9770226300899744
1258,5.043474082014517e-07
1259,5.043474082014517e-07
1260,5.829126566113865e-05
1261,5.043474082014517e-07
1262,2.5109990926928157e-08
1263,0.0009110511944006454
1264,0.7772998611746911
1265,8.315280276641321e-07
1266,1.522997951276035e-08
1267,0.1480471980316895
1268,4.785094494890118e-06
1269,5.043474082014517e-07
1270,1.4449800373124837e-07
1271,1.0677028700441467e-06
1272,7.484622751061124e-05
1273,0.9933071490757153
1274,1.8553910183683314e-07
1275,7.889262586245034e-06
1276,3.059022269256247e-07
1277,5.043474082014517e-07
1278,1.12535162055095e-07
1279,1.8553910183683314e-07
1280,1.4449800373124837e-07
1281,3.059022269256247e-07
1282,2.3823690999334297e-07
1283,1.0129990980873921e-05
1284,0.07585818002124356
1285,1.8553910183683314e-07
1286,4.5397868702434395e-05
1287,2.753569111458347e-05
1288,5.043474082014517e-07
1289,5.3157849718487075e-08
1290,0.04742587317756679
1291,5.043474082014517e-07
1292,5.043474082014517e-07
1293,1.3709572068578445e-06
1294,3.059022269256247e-07
1295,7.484622751061124e-05
1296,8.764247451323235e-08
1297,9.610241549947395e-05
1298,1.4449800373124837e-07
1299,1.7603432133424858e-06
1300,5.829126566113865e-05
1301,4.1399375473943306e-08
1302,0.9968273171575148
1303,1.3709572068578445e-06
1304,3.059022269256247e-07
1305,2.902311985211097e-06
1306,3.7266392841865614e-06
1307,5.043474082014517e-07
1308,2.3823690999334297e-07
1309,4.785094494890118e-06
1310,4.785094494890118e-06
1311,1.12535162055095e-07
1312,6.825602910446288e-08
1313,0.00043055708132461493
1314,5.043474082014517e-07
1315,8.764247451323235e-08
1316,1.8553910183683314e-07
1317,9.610241549947395e-05
1318,1.4449800373124837e-07
1319,5.043474082014517e-07
1320,2.2603242979035742e-06
1321,5.043474082014517e-07
1322,2.2603242979035742e-06
1323,0.006692850924284856
1324,5.043474082014517e-07
1325,8.764247451323235e-08
1326,0.0002611903190957194
1327,2.144494842091395e-05
1328,7.889262586245034e-06
1329,5.043474082014517e-07
1330,5.043474082014517e-07
1331,5.043474082014517e-07
1332,0.0019267346633274755
1333,1.8553910183683314e-07
1334,1.12535162055095e-07
1335,1.12535162055095e-07
1336,5.043474082014517e-07
1337,5.043474082014517e-07
1338,6.475947982049266e-07
1339,4.5397868702434395e-05
1340,2.3823690999334297e-07
1341,6.825602910446288e-08
1342,2.3823690999334297e-07
1343,0.005220125693558397
1344,5.043474082014517e-07
1345,1.0677028700441467e-06
1346,1.3007128466476033e-05
1347,1.8553910183683314e-07
1348,8.764247451323235e-08
1349,5.043474082014517e-07
1350,1.4449800373124837e-07
1351,8.315280276641321e-07
1352,5.043474082014517e-07
1353,0.0007096703991005882
1354,0.017986209962091555
1355,8.315280276641321e-07
1356,0.0011695102650555148
1357,8.764247451323235e-08
1358,4.1399375473943306e-08
1359,0.9968273171575148
1360,0.07585818002124356
1361,2.144494842091395e-05
1362,0.00033535013046647816
1363,1.3007128466476033e-05
1364,0.9999869928715335
1365,5.043474082014517e-07
1366,3.059022269256247e-07
1367,6.475947982049266e-07
1368,2.3823690999334297e-07
1369,5.043474082014517e-07
1370,3.535625074174431e-05
1371,5.043474082014517e-07
1372,6.825602910446288e-08
1373,8.764247451323235e-08
1374,3.059022269256247e-07
1375,5.043474082014517e-07
1376,2.2603242979035742e-06
1377,1.3709572068578445e-06
1378,0.0005527786369235996
1379,5.043474082014517e-07
1380,0.037326887344129464
1381,5.043474082014517e-07
1382,2.3823690999334297e-07
1383,0.0011695102650555148
1384,8.764247451323235e-08
1385,2.3823690999334297e-07
1386,1.8553910183683314e-07
1387,1.0677028700441467e-06
1388,0.00043055708132461493
1389,8.315280276641321e-07
1390,2.3823690999334297e-07
1391,3.535625074174431e-05
1392,6.475947982049266e-07
1393,0.11920292202211755
1394,8.764247451323235e-08
1395,1.4449800373124837e-07
1396,1.8553910183683314e-07
1397,3.059022269256247e-07
1398,6.825602910446288e-08
1399,4.1399375473943306e-08
1400,4.1399375473943306e-08
1401,1.8553910183683314e-07
1402,5.043474082014517e-07
1403,5.043474082014517e-07
1404,1.7603432133424858e-06
1405,2.3823690999334297e-07
1406,1.12535162055095e-07
1407,2.3823690999334297e-07
1408,1.8553910183683314e-07
1409,5.043474082014517e-07
1410,1.8553910183683314e-07
1411,2.3823690999334297e-07
1412,3.059022269256247e-07
1413,0.679178699175393
1414,5.043474082014517e-07
1415,0.0005527786369235996
1416,5.043474082014517e-07
1417,6.475947982049266e-07
1418,0.0002034269780552065
1419,0.00012339457598623172
1420,5.043474082014517e-07
1421,2.3823690999334297e-07
1422,2.3823690999334297e-07
1423,0.01098694263059318
1424,0.005220125693558397
1425,3.059022269256247e-07
1426,3.059022269256247e-07
1427,0.017986209962091555
1428,1.8553910183683314e-07
1429,5.043474082014517e-07
1430,3.7266392841865614e-06
1431,5.043474082014517e-07
1432,0.0005527786369235996
1433,5.043474082014517e-07
1434,2.902311985211097e-06
1435,5.043474082014517e-07
1436,1.7603432133424858e-06
1437,0.0007096703991005882
1438,5.043474082014517e-07
1439,3.059022269256247e-07
1440,3.059022269256247e-07
1441,0.7310585786300049
1442,8.315280276641321e-07
1443,2.753569111458347e-05
1444,6.475947982049266e-07
1445,5.043474082014517e-07
1446,0.0953494648991095
1447,1.670142184809518e-05
1448,1.3709572068578445e-06
1449,9.610241549947395e-05
1450,1.8553910183683314e-07
1451,3.9278620026704423e-07
1452,8.764247451323235e-08
1453,1.3709572068578445e-06
1454,0.11920292202211755
1455,1.0677028700441467e-06
1456,3.9278620026704423e-07
1457,3.9278620026704423e-07
1458,3.7266392841865614e-06
1459,0.0953494648991095
1460,0.00033535013046647816
1461,5.043474082014517e-07
1462,0.22270013882530884
1463,2.2603242979035742e-06
1464,5.043474082014517e-07
1465,5.043474082014517e-07
1466,5.043474082014517e-07
1467,3.9278620026704423e-07
1468,6.475947982049266e-07
1469,3.9278620026704423e-07
1470,0.06008665017400762
1471,2.902311985211097e-06
1472,5.043474082014517e-07
1473,1.12535162055095e-07
1474,1.3007128466476033e-05
1475,0.18242552380635632
1476,5.043474082014517e-07
1477,1.4449800373124837e-07
1478,6.475947982049266e-07
1479,1.3709572068578445e-06
1480,1.0677028700441467e-06
1481,1.8553910183683314e-07
1482,1.4449800373124837e-07
1483,5.043474082014517e-07
1484,0.0005527786369235996
1485,3.9278620026704423e-07
1486,3.7266392841865614e-06
1487,8.315280276641321e-07
1488,5.043474082014517e-07
1489,1.8553910183683314e-07
1490,5.043474082014517e-07
1491,3.9278620026704423e-07
1492,9.610241549947395e-05
1493,3.059022269256247e-07
1494,3.9278620026704423e-07
1495,3.9278620026704423e-07
1496,5.043474082014517e-07
1497,1.0129990980873921e-05
1498,5.043474082014517e-07
1499,2.144494842091395e-05
1500,0.01098694263059318
1501,2.2603242979035742e-06
1502,5.043474082014517e-07
1503,0.029312230751356316
1504,3.059022269256247e-07
1505,0.7772998611746911
1506,1.12535162055095e-07
1507,0.008577485413711986
1508,1.955568070542584e-08
1509,5.043474082014517e-07
1510,2.3823690999334297e-07
1511,0.0009110511944006454
1512,0.8175744761936437
1513,7.484622751061124e-05
1514,5.043474082014517e-07
1515,1.4449800373124837e-07
1516,5.043474082014517e-07
1517,1.8553910183683314e-07
1518,0.0002034269780552065
1519,5.043474082014517e-07
1520,4.5397868702434395e-05
1521,0.0002611903190957194
1522,5.043474082014517e-07
1523,0.00015843621910252594
1524,3.9278620026704423e-07
1525,1.7603432133424858e-06
1526,0.0005527786369235996
1527,7.889262586245034e-06
1528,8.315280276641321e-07
1529,6.475947982049266e-07
1530,3.059022269256247e-07
1531,1.8553910183683314e-07
1532,1.0129990980873921e-05
1533,0.0019267346633274755
1534,0.8807970779778823
1535,3.9278620026704423e-07
1536,1.0677028700441467e-06
1537,3.9278620026704423e-07
1538,5.043474082014517e-07
1539,6.825602910446288e-08
1540,4.1399375473943306e-08
1541,5.043474082014517e-07
1542,0.7772998611746911
1543,2.3823690999334297e-07
1544,8.764247451323235e-08
1545,3.059022269256247e-07
1546,5.043474082014517e-07
1547,0.679178699175393
1548,8.764247451323235e-08
1549,1.12535162055095e-07
1550,2.144494842091395e-05
1551,1.4449800373124837e-07
1552,0.014063627043245474
1553,1.12535162055095e-07
1554,1.0129990980873921e-05
1555,1.12535162055095e-07
1556,1.12535162055095e-07
1557,1.8553910183683314e-07
1558,5.043474082014517e-07
1559,1.8553910183683314e-07
1560,3.059022269256247e-07
1561,0.029312230751356316
1562,0.00015843621910252594
1563,1.3709572068578445e-06
1564,2.3823690999334297e-07
1565,1.0677028700441467e-06
1566,0.0002611903190957194
1567,1.0677028700441467e-06
1568,3.059022269256247e-07
1569,1.12535162055095e-07
1570,2.144494842091395e-05
1571,5.043474082014517e-07
1572,2.902311985211097e-06
1573,4.785094494890118e-06
1574,0.5
1575,3.9278620026704423e-07
1576,1.8553910183683314e-07
1577,3.9278620026704423e-07
1578,8.315280276641321e-07
1579,1.0129990980873921e-05
1580,6.475947982049266e-07
1581,1.8553910183683314e-07
1582,3.059022269256247e-07
1583,0.01098694263059318
1584,0.0015011822567369915
1585,1.3709572068578445e-06
1586,0.37754066879814546
1587,5.043474082014517e-07
1588,0.11920292202211755
1589,3.9278620026704423e-07
1590,1.0677028700441467e-06
1591,2.3823690999334297e-07
1592,2.3823690999334297e-07
1593,6.475947982049266e-07
1594,5.043474082014517e-07
1595,1.4449800373124837e-07
1596,1.4449800373124837e-07
1597,3.9278620026704423e-07
1598,5.043474082014517e-07
1599,3.9278620026704423e-07
1600,6.475947982049266e-07
1601,2.2603242979035742e-06
1602,0.9241418199787566
1603,3.059022269256247e-07
1604,3.059022269256247e-07
1605,4.785094494890118e-06
1606,3.059022269256247e-07
1607,1.7603432133424858e-06
1608,1.12535162055095e-07
1609,3.059022269256247e-07
1610,6.475947982049266e-07
1611,3.9278620026704423e-07
1612,5.043474082014517e-07
1613,6.144174602214718e-06
1614,2.3823690999334297e-07
1615,3.059022269256247e-07
1616,5.043474082014517e-07
1617,7.484622751061124e-05
1618,5.043474082014517e-07
1619,5.043474082014517e-07
1620,6.475947982049266e-07
1621,5.043474082014517e-07
1622,3.059022269256247e-07
1623,8.315280276641321e-07
1624,8.764247451323235e-08
1625,0.0002611903190957194
1626,1.8553910183683314e-07
1627,4.785094494890118e-06
1628,1.8553910183683314e-07
1629,1.0677028700441467e-06
1630,3.535625074174431e-05
1631,1.3709572068578445e-06
1632,1.7603432133424858e-06
1633,7.484622751061124e-05
1634,3.059022269256247e-07
1635,0.0007096703991005882
1636,3.9278620026704423e-07
1637,2.144494842091395e-05
1638,2.144494842091395e-05
1639,0.9890130573694068
1640,2.3823690999334297e-07
1641,0.2689414213699951
1642,2.3823690999334297e-07
1643,5.043474082014517e-07
1644,6.144174602214718e-06
1645,0.006692850924284856
1646,1.3007128466476033e-05
1647,0.014063627043245474
1648,7.484622751061124e-05
1649,5.043474082014517e-07
1650,3.9278620026704423e-07
1651,1.8553910183683314e-07
1652,6.825602910446288e-08
1653,3.9278620026704423e-07
1654,2.3823690999334297e-07
1655,3.7266392841865614e-06
1656,0.9947798743064417
1657,4.5397868702434395e-05
1658,2.3823690999334297e-07
1659,5.043474082014517e-07
1660,5.043474082014517e-07
1661,5.043474082014517e-07
1662,1.670142184809518e-05
1663,0.005220125693558397
1664,0.6224593312018546
1665,5.043474082014517e-07
1666,5.043474082014517e-07
1667,5.043474082014517e-07
1668,1.7603432133424858e-06
1669,2.3823690999334297e-07
1670,0.037326887344129464
1671,5.043474082014517e-07
1672,0.017986209962091555
1673,5.043474082014517e-07
1674,5.043474082014517e-07
1675,5.043474082014517e-07
1676,5.043474082014517e-07
1677,5.043474082014517e-07
1678,0.0024726231566347748
1679,5.043474082014517e-07
1680,1.3709572068578445e-06
1681,3.059022269256247e-07
1682,8.315280276641321e-07
1683,7.484622751061124e-05
1684,5.043474082014517e-07
1685,2.3823690999334297e-07
1686,5.829126566113865e-05
1687,1.3709572068578445e-06
1688,3.059022269256247e-07
1689,5.043474082014517e-07
1690,8.315280276641321e-07
1691,8.315280276641321e-07
1692,0.22270013882530884
1693,3.059022269256247e-07
1694,1.0677028700441467e-06
1695,0.00015843621910252594
1696,3.535625074174431e-05
1697,3.059022269256247e-07
1698,1.3709572068578445e-06
1699,1.0677028700441467e-06
1700,1.670142184809518e-05
1701,1.3709572068578445e-06
1702,1.3709572068578445e-06
1703,0.00015843621910252594
1704,2.902311985211097e-06
1705,1.7603432133424858e-06
1706,5.043474082014517e-07
1707,5.043474082014517e-07
1708,0.0024726231566347748
1709,1.8553910183683314e-07
1710,5.043474082014517e-07
1711,3.059022269256247e-07
1712,6.475947982049266e-07
1713,0.0009110511944006454
1714,5.043474082014517e-07
1715,5.043474082014517e-07
1716,3.9278620026704423e-07
1717,5.043474082014517e-07
1718,0.029312230751356316
1719,5.043474082014517e-07
1720,3.9278620026704423e-07
1721,4.785094494890118e-06
1722,5.043474082014517e-07
1723,3.9278620026704423e-07
1724,0.0011695102650555148
1725,1.8553910183683314e-07
1726,3.7266392841865614e-06
1727,5.043474082014517e-07
1728,7.889262586245034e-06
1729,3.7266392841865614e-06
1730,0.7310585786300049
1731,3.9278620026704423e-07
1732,3.9278620026704423e-07
1733,6.475947982049266e-07
1734,0.0007096703991005882
1735,3.7266392841865614e-06
1736,5.043474082014517e-07
1737,5.043474082014517e-07
1738,0.00012339457598623172
1739,6.475947982049266e-07
1740,0.00012339457598623172
1741,8.764247451323235e-08
1742,3.9278620026704423e-07
1743,2.3823690999334297e-07
1744,5.043474082014517e-07
1745,6.475947982049266e-07
1746,5.043474082014517e-07
1747,3.059022269256247e-07
1748,0.0002034269780552065
1749,3.535625074174431e-05
1750,5.043474082014517e-07
1751,5.043474082014517e-07
1752,1.4449800373124837e-07
1753,2.144494842091395e-05
1754,1.0677028700441467e-06
1755,5.043474082014517e-07
1756,5.043474082014517e-07
1757,1.0677028700441467e-06
1758,8.315280276641321e-07
1759,6.475947982049266e-07
1760,3.059022269256247e-07
1761,0.0031726828424851893
1762,5.043474082014517e-07
1763,5.043474082014517e-07
1764,1.3709572068578445e-06
1765,8.764247451323235e-08
1766,5.043474082014517e-07
1767,0.0011695102650555148
1768,3.9278620026704423e-07
1769,5.043474082014517e-07
1770,7.889262586245034e-06
1771,4.785094494890118e-06
1772,0.00015843621910252594
1773,3.535625074174431e-05
1774,3.7266392841865614e-06
1775,5.043474082014517e-07
1776,5.043474082014517e-07
1777,1.7603432133424858e-06
1778,0.37754066879814546
1779,3.059022269256247e-07
1780,3.059022269256247e-07
1781,8.764247451323235e-08
1782,5.829126566113865e-05
1783,8.315280276641321e-07
1784,0.0002034269780552065
1785,1.3709572068578445e-06
1786,2.902311985211097e-06
1787,5.043474082014517e-07
1788,3.9278620026704423e-07
1789,2.2603242979035742e-06
1790,1.3709572068578445e-06
1791,5.043474082014517e-07
1792,0.0953494648991095
1793,5.043474082014517e-07
1794,6.475947982049266e-07
1795,1.7603432133424858e-06
1796,2.753569111458347e-05
1797,1.8553910183683314e-07
1798,0.02297736991002561
1799,8.764247451323235e-08
1800,0.0007096703991005882
1801,6.475947982049266e-07
1802,0.06008665017400762
1803,5.043474082014517e-07
1804,0.0002611903190957194
1805,3.9278620026704423e-07
1806,6.475947982049266e-07
1807,5.043474082014517e-07
1808,3.059022269256247e-07
1809,6.475947982049266e-07
1810,1.3709572068578445e-06
1811,9.610241549947395e-05
1812,0.0024726231566347748
1813,5.043474082014517e-07
1814,1.8553910183683314e-07
1815,3.059022269256247e-07
1816,3.9278620026704423e-07
1817,6.475947982049266e-07
1818,3.059022269256247e-07
1819,3.9278620026704423e-07
1820,1.7603432133424858e-06
1821,5.043474082014517e-07
1822,1.4449800373124837e-07
1823,5.043474082014517e-07
1824,1.12535162055095e-07
1825,1.3709572068578445e-06
1826,1.0677028700441467e-06
1827,0.679178699175393
1828,1.4449800373124837e-07
1829,0.004070137715896127
1830,3.059022269256247e-07
1831,5.043474082014517e-07
1832,1.0129990980873921e-05
1833,6.475947982049266e-07
1834,2.902311985211097e-06
1835,1.0129990980873921e-05
1836,4.5397868702434395e-05
1837,5.043474082014517e-07
1838,2.3823690999334297e-07
1839,5.043474082014517e-07
1840,1.8553910183683314e-07
1841,0.04742587317756679
1842,1.7603432133424858e-06
1843,5.043474082014517e-07
1844,1.4449800373124837e-07
1845,5.043474082014517e-07
1846,1.12535162055095e-07
1847,2.2603242979035742e-06
1848,6.475947982049266e-07
1849,5.043474082014517e-07
1850,5.043474082014517e-07
1851,5.043474082014517e-07
1852,4.5397868702434395e-05
1853,3.9278620026704423e-07
1854,5.043474082014517e-07
1855,3.9278620026704423e-07
1856,2.902311985211097e-06
1857,3.059022269256247e-07
1858,0.9992903296008995
1859,2.5109990926928157e-08
1860,0.00015843621910252594
1861,5.043474082014517e-07
1862,1.0129990980873921e-05
1863,1.7603432133424858e-06
1864,8.315280276641321e-07
1865,1.3007128466476033e-05
1866,3.059022269256247e-07
1867,0.9999546021312976
1868,6.475947982049266e-07
1869,5.043474082014517e-07
1870,8.764247451323235e-08
1871,6.475947982049266e-07
1872,0.5621765008857981
1873,2.902311985211097e-06
1874,3.059022269256247e-07
1875,3.9278620026704423e-07
1876,0.008577485413711986
1877,5.043474082014517e-07
1878,3.7266392841865614e-06
1879,3.059022269256247e-07
1880,0.017986209962091555
1881,1.0677028700441467e-06
1882,0.014063627043245474
1883,5.043474082014517e-07
1884,3.9278620026704423e-07
1885,6.475947982049266e-07
1886,5.043474082014517e-07
1887,3.9278620026704423e-07
1888,0.7772998611746911
1889,3.059022269256247e-07
1890,5.043474082014517e-07
1891,5.043474082014517e-07
1892,6.825602910446288e-08
1893,0.0002034269780552065
1894,3.9278620026704423e-07
1895,3.7266392841865614e-06
1896,6.144174602214718e-06
1897,5.043474082014517e-07
1898,1.8553910183683314e-07
1899,1.3709572068578445e-06
1900,3.9278620026704423e-07
1901,0.0015011822567369915
1902,5.043474082014517e-07
1903,0.1480471980316895
1904,1.4449800373124837e-07
1905,5.043474082014517e-07
1906,4.785094494890118e-06
1907,2.902311985211097e-06
1908,1.0677028700441467e-06
1909,5.043474082014517e-07
1910,3.9278620026704423e-07
1911,6.475947982049266e-07
1912,5.043474082014517e-07
1913,3.9278620026704423e-07
1914,0.0002611903190957194
1915,7.889262586245034e-06
1916,5.043474082014517e-07
1917,2.2603242979035742e-06
1918,5.043474082014517e-07
1919,1.12535162055095e-07
1920,1.0677028700441467e-06
1921,5.043474082014517e-07
1922,0.004070137715896127
1923,5.043474082014517e-07
1924,1.7603432133424858e-06
1925,8.315280276641321e-07
1926,6.144174602214718e-06
1927,3.9278620026704423e-07
1928,3.059022269256247e-07
1929,2.3823690999334297e-07
1930,8.764247451323235e-08
1931,1.0677028700441467e-06
1932,1.0677028700441467e-06
1933,8.315280276641321e-07
1934,1.12535162055095e-07
1935,0.8519528019683106
1936,0.11920292202211755
1937,5.043474082014517e-07
1938,1.4449800373124837e-07
1939,6.475947982049266e-07
1940,2.902311985211097e-06
1941,6.475947982049266e-07
1942,5.829126566113865e-05
1943,5.043474082014517e-07
1944,1.3709572068578445e-06
1945,2.3823690999334297e-07
1946,3.059022269256247e-07
1947,3.9278620026704423e-07
1948,3.9278620026704423e-07
1949,5.043474082014517e-07
1950,1.12535162055095e-07
1951,0.02297736991002561
1952,3.7266392841865614e-06
1953,3.059022269256247e-07
1954,5.043474082014517e-07
1955,1.8553910183683314e-07
1956,0.02297736991002561
1957,1.7603432133424858e-06
1958,1.7603432133424858e-06
1959,1.4449800373124837e-07
1960,6.475947982049266e-07
1961,3.7266392841865614e-06
1962,1.0129990980873921e-05
1963,1.4449800373124837e-07
1964,1.4449800373124837e-07
1965,3.535625074174431e-05
1966,0.0019267346633274755
1967,6.475947982049266e-07
1968,3.9278620026704423e-07
1969,3.059022269256247e-07
1970,1.0677028700441467e-06
1971,7.484622751061124e-05
1972,5.043474082014517e-07
1973,0.029312230751356316
1974,7.889262586245034e-06
1975,1.4449800373124837e-07
1976,1.8553910183683314e-07
1977,1.8553910183683314e-07
1978,6.475947982049266e-07
1979,5.043474082014517e-07
1980,5.043474082014517e-07
1981,0.0011695102650555148
1982,3.059022269256247e-07
1983,1.8553910183683314e-07
1984,1.7603432133424858e-06
1985,8.764247451323235e-08
1986,1.4449800373124837e-07
1987,0.02297736991002561
1988,3.9278620026704423e-07
1989,0.0031726828424851893
1990,1.8553910183683314e-07
1991,1.3709572068578445e-06
1992,6.825602910446288e-08
1993,3.9278620026704423e-07
1994,5.043474082014517e-07
1995,6.475947982049266e-07
1996,1.4449800373124837e-07
1997,1.8553910183683314e-07
1998,5.043474082014517e-07
1999,8.315280276641321e-07
2000,6.475947982049266e-07
2001,3.9278620026704423e-07
2002,5.043474082014517e-07
2003,1.8553910183683314e-07
2004,0.8175744761936437
2005,5.043474082014517e-07
2006,5.043474082014517e-07
2007,6.475947982049266e-07
2008,6.144174602214718e-06
2009,5.043474082014517e-07
2010,0.22270013882530884
2011,5.043474082014517e-07
2012,5.043474082014517e-07
2013,8.315280276641321e-07
2014,8.315280276641321e-07
2015,5.043474082014517e-07
2016,5.043474082014517e-07
2017,5.043474082014517e-07
2018,5.043474082014517e-07
2019,3.9278620026704423e-07
2020,5.043474082014517e-07
2021,1.670142184809518e-05
2022,0.8519528019683106
2023,8.315280276641321e-07
2024,1.4449800373124837e-07
2025,5.043474082014517e-07
2026,3.059022269256247e-07
2027,3.9278620026704423e-07
2028,1.670142184809518e-05
2029,5.043474082014517e-07
2030,2.3823690999334297e-07
2031,3.9278620026704423e-07
2032,5.043474082014517e-07
2033,0.0019267346633274755
2034,5.043474082014517e-07
2035,8.315280276641321e-07
2036,1.12535162055095e-07
2037,0.9996646498695336
2038,5.043474082014517e-07
2039,0.00043055708132461493
2040,0.9859363729567544
2041,1.3007128466476033e-05
2042,1.0677028700441467e-06
2043,5.829126566113865e-05
2044,1.12535162055095e-07
2045,5.043474082014517e-07
2046,5.043474082014517e-07
2047,5.043474082014517e-07
2048,0.0007096703991005882
2049,5.043474082014517e-07
2050,0.006692850924284856
2051,5.043474082014517e-07
2052,3.059022269256247e-07
2053,5.043474082014517e-07
2054,0.00015843621910252594
2055,5.043474082014517e-07
2056,5.043474082014517e-07
2057,1.3709572068578445e-06
2058,0.0019267346633274755
2059,3.9278620026704423e-07
2060,5.043474082014517e-07
2061,5.043474082014517e-07
2062,7.889262586245034e-06
2063,3.9278620026704423e-07
2064,5.043474082014517e-07
2065,5.043474082014517e-07
2066,0.4378234991142019
2067,1.8553910183683314e-07
2068,1.4449800373124837e-07
2069,6.475947982049266e-07
2070,8.764247451323235e-08
2071,0.1480471980316895
2072,5.043474082014517e-07
2073,0.0002611903190957194
2074,6.475947982049266e-07
2075,3.9278620026704423e-07
2076,4.1399375473943306e-08
2077,8.315280276641321e-07
2078,2.3823690999334297e-07
2079,3.9278620026704423e-07
2080,0.014063627043245474
2081,0.00012339457598623172
2082,5.043474082014517e-07
2083,3.059022269256247e-07
2084,0.00015843621910252594
2085,1.4449800373124837e-07
2086,1.7603432133424858e-06
2087,1.0129990980873921e-05
2088,0.5
2089,1.12535162055095e-07
2090,6.825602910446288e-08
2091,0.02297736991002561
2092,0.1480471980316895
2093,0.0002611903190957194
2094,0.5621765008857981
2095,5.3157849718487075e-08
2096,7.484622751061124e-05
2097,1.4449800373124837e-07
2098,5.3157849718487075e-08
2099,5.043474082014517e-07
2100,5.043474082014517e-07
2101,6.825602910446288e-08
2102,2.3823690999334297e-07
2103,0.00043055708132461493
2104,0.00043055708132461493
2105,5.043474082014517e-07
2106,1.7603432133424858e-06
2107,1.12535162055095e-07
2108,5.043474082014517e-07
2109,0.0015011822567369915
2110,6.475947982049266e-07
2111,6.825602910446288e-08
2112,3.059022269256247e-07
2113,1.12535162055095e-07
2114,5.043474082014517e-07
2115,2.2603242979035742e-06
2116,5.043474082014517e-07
2117,0.00012339457598623172
2118,5.043474082014517e-07
2119,3.535625074174431e-05
2120,0.00015843621910252594
2121,3.059022269256247e-07
2122,3.9278620026704423e-07
2123,2.3823690999334297e-07
2124,5.043474082014517e-07
2125,1.8553910183683314e-07
2126,1.0677028700441467e-06
2127,8.315280276641321e-07
2128,6.475947982049266e-07
2129,1.8553910183683314e-07
2130,5.043474082014517e-07
2131,2.3823690999334297e-07
2132,1.4449800373124837e-07
2133,6.825602910446288e-08
2134,0.004070137715896127
2135,4.785094494890118e-06
2136,1.3709572068578445e-06
2137,5.043474082014517e-07
2138,1.8553910183683314e-07
2139,3.9278620026704423e-07
2140,5.043474082014517e-07
2141,6.144174602214718e-06
2142,2.2603242979035742e-06
2143,0.008577485413711986
2144,2.2603242979035742e-06
2145,8.315280276641321e-07
2146,3.059022269256247e-07
2147,1.8553910183683314e-07
2148,3.059022269256247e-07
2149,1.7603432133424858e-06
2150,1.0677028700441467e-06
2151,3.059022269256247e-07
2152,0.0015011822567369915
2153,8.764247451323235e-08
2154,6.475947982049266e-07
2155,1.3007128466476033e-05
2156,8.315280276641321e-07
2157,6.475947982049266e-07
2158,5.043474082014517e-07
2159,8.315280276641321e-07
2160,1.8553910183683314e-07
2161,1.8553910183683314e-07
2162,6.144174602214718e-06
2163,1.8553910183683314e-07
2164,5.043474082014517e-07
2165,8.315280276641321e-07
2166,1.0677028700441467e-06
2167,1.12535162055095e-07
2168,7.484622751061124e-05
2169,0.02297736991002561
2170,1.12535162055095e-07
2171,2.2603242979035742e-06
2172,0.02297736991002561
2173,0.18242552380635632
2174,0.0009110511944006454
2175,1.0677028700441467e-06
2176,0.00043055708132461493
2177,1.4449800373124837e-07
2178,1.4449800373124837e-07
2179,3.9278620026704423e-07
2180,4.785094494890118e-06
2181,8.315280276641321e-07
2182,5.3157849718487075e-08
2183,1.4449800373124837e-07
2184,1.12535162055095e-07
2185,1.8553910183683314e-07
2186,0.8807970779778823
2187,0.0015011822567369915
2188,1.3709572068578445e-06
2189,6.144174602214718e-06
2190,0.037326887344129464
2191,3.9278620026704423e-07
2192,0.9890130573694068
2193,3.059022269256247e-07
2194,5.043474082014517e-07
2195,3.059022269256247e-07
2196,0.04742587317756679
2197,0.0024726231566347748
2198,1.3709572068578445e-06
2199,6.475947982049266e-07
2200,3.059022269256247e-07
2201,1.8553910183683314e-07
2202,1.522997951276035e-08
2203,2.3823690999334297e-07
2204,3.059022269256247e-07
2205,2.3823690999334297e-07
2206,8.315280276641321e-07
2207,5.043474082014517e-07
2208,0.9706877692486436
2209,0.0011695102650555148
2210,1.4449800373124837e-07
2211,0.0009110511944006454
2212,0.22270013882530884
2213,3.7266392841865614e-06
2214,4.5397868702434395e-05
2215,1.8553910183683314e-07
2216,3.9278620026704423e-07
2217,5.043474082014517e-07
2218,1.0677028700441467e-06
2219,2.902311985211097e-06
2220,0.0002611903190957194
2221,2.144494842091395e-05
2222,6.475947982049266e-07
2223,3.7266392841865614e-06
2224,1.0677028700441467e-06
2225,5.043474082014517e-07
2226,1.0677028700441467e-06
2227,9.610241549947395e-05
2228,1.3709572068578445e-06
2229,1.8553910183683314e-07
2230,0.008577485413711986
2231,4.5397868702434395e-05
2232,5.043474082014517e-07
2233,5.043474082014517e-07
2234,1.12535162055095e-07
2235,3.9278620026704423e-07
2236,1.8553910183683314e-07
2237,1.8553910183683314e-07
2238,0.02297736991002561
2239,2.3823690999334297e-07
2240,8.315280276641321e-07
2241,1.8553910183683314e-07
2242,3.535625074174431e-05
2243,7.889262586245034e-06
2244,1.8553910183683314e-07
2245,3.059022269256247e-07
2246,3.535625074174431e-05
2247,2.3823690999334297e-07
2248,0.07585818002124356
2249,1.3007128466476033e-05
2250,1.8553910183683314e-07
2251,0.9706877692486436
2252,5.043474082014517e-07
2253,1.670142184809518e-05
2254,5.043474082014517e-07
2255,1.4449800373124837e-07
2256,5.043474082014517e-07
2257,3.2241866333029355e-08
2258,3.9278620026704423e-07
2259,0.0007096703991005882
2260,1.3709572068578445e-06
2261,2.2603242979035742e-06
2262,1.0677028700441467e-06
2263,0.005220125693558397
2264,5.043474082014517e-07
2265,1.8553910183683314e-07
2266,5.043474082014517e-07
2267,6.475947982049266e-07
2268,1.670142184809518e-05
2269,3.059022269256247e-07
2270,0.2689414213699951
2271,1.4449800373124837e-07
2272,2.3823690999334297e-07
2273,3.059022269256247e-07
2274,1.3007128466476033e-05
2275,0.008577485413711986
2276,3.9278620026704423e-07
2277,5.043474082014517e-07
2278,5.043474082014517e-07
2279,0.5
2280,1.7603432133424858e-06
2281,3.9278620026704423e-07
2282,3.9278620026704423e-07
2283,1.3709572068578445e-06
2284,8.315280276641321e-07
2285,2.3823690999334297e-07
2286,5.829126566113865e-05
2287,3.059022269256247e-07
2288,3.535625074174431e-05
2289,1.0677028700441467e-06
2290,2.144494842091395e-05
2291,1.8553910183683314e-07
2292,3.9278620026704423e-07
2293,1.12535162055095e-07
2294,1.12535162055095e-07
2295,8.315280276641321e-07
2296,5.829126566113865e-05
2297,2.3823690999334297e-07
2298,1.3007128466476033e-05
2299,0.8175744761936437
2300,4.5397868702434395e-05
2301,1.7603432133424858e-06
2302,3.535625074174431e-05
2303,0.00012339457598623172
2304,0.6224593312018546
2305,5.043474082014517e-07
2306,3.9278620026704423e-07
2307,3.059022269256247e-07
2308,1.8553910183683314e-07
2309,3.9278620026704423e-07
2310,3.059022269256247e-07
2311,0.0024726231566347748
2312,0.0009110511944006454
2313,3.059022269256247e-07
2314,3.9278620026704423e-07
2315,0.0953494648991095
2316,2.3823690999334297e-07
2317,1.8553910183683314e-07
2318,5.043474082014517e-07
2319,2.3823690999334297e-07
2320,1.8553910183683314e-07
2321,3.9278620026704423e-07
2322,6.475947982049266e-07
2323,6.475947982049266e-07
2324,0.1480471980316895
2325,5.043474082014517e-07
2326,3.9278620026704423e-07
2327,4.1399375473943306e-08
2328,1.8553910183683314e-07
2329,5.043474082014517e-07
2330,6.475947982049266e-07
2331,1.12535162055095e-07
2332,6.475947982049266e-07
2333,3.059022269256247e-07
2334,3.059022269256247e-07
2335,0.0007096703991005882
2336,5.043474082014517e-07
2337,0.0011695102650555148
2338,2.753569111458347e-05
2339,5.043474082014517e-07
2340,2.3823690999334297e-07
2341,0.1480471980316895
2342,3.059022269256247e-07
2343,3.059022269256247e-07
2344,1.522997951276035e-08
2345,6.475947982049266e-07
2346,5.043474082014517e-07
2347,1.8553910183683314e-07
2348,2.2603242979035742e-06
2349,1.3709572068578445e-06
2350,3.059022269256247e-07
2351,0.18242552380635632
2352,2.3823690999334297e-07
2353,4.785094494890118e-06
2354,5.043474082014517e-07
2355,5.043474082014517e-07
2356,2.902311985211097e-06
2357,1.12535162055095e-07
2358,3.059022269256247e-07
2359,3.059022269256247e-07
2360,6.475947982049266e-07
2361,3.9278620026704423e-07
2362,1.0677028700441467e-06
2363,0.0005527786369235996
2364,3.059022269256247e-07
2365,0.008577485413711986
2366,8.315280276641321e-07
2367,3.059022269256247e-07
2368,8.315280276641321e-07
2369,5.043474082014517e-07
2370,1.670142184809518e-05
2371,1.4449800373124837e-07
2372,2.3823690999334297e-07
2373,8.764247451323235e-08
2374,0.006692850924284856
2375,1.0677028700441467e-06
2376,0.02297736991002561
2377,8.764247451323235e-08
2378,1.3709572068578445e-06
2379,0.9706877692486436
2380,4.5397868702434395e-05
2381,0.0953494648991095
2382,6.475947982049266e-07
2383,9.610241549947395e-05
2384,0.1480471980316895
2385,0.00015843621910252594
2386,3.059022269256247e-07
2387,1.0677028700441467e-06
2388,5.043474082014517e-07
2389,3.9278620026704423e-07
2390,1.8553910183683314e-07
2391,1.0129990980873921e-05
2392,0.0002611903190957194
2393,5.829126566113865e-05
2394,1.8553910183683314e-07
2395,0.00015843621910252594
2396,5.043474082014517e-07
2397,0.8175744761936437
2398,2.2603242979035742e-06
2399,3.059022269256247e-07
2400,5.043474082014517e-07
2401,0.00043055708132461493
2402,5.043474082014517e-07
2403,1.4449800373124837e-07
2404,1.4449800373124837e-07
2405,0.00015843621910252594
2406,2.753569111458347e-05
2407,5.043474082014517e-07
2408,1.8553910183683314e-07
2409,1.8553910183683314e-07
2410,8.315280276641321e-07
2411,3.059022269256247e-07
2412,0.0024726231566347748
2413,1.8553910183683314e-07
2414,1.4449800373124837e-07
2415,3.059022269256247e-07
2416,1.8553910183683314e-07
2417,2.3823690999334297e-07
2418,3.059022269256247e-07
2419,0.9999996072137998
2420,1.8553910183683314e-07
2421,1.8553910183683314e-07
2422,6.475947982049266e-07
2423,0.0011695102650555148
2424,5.043474082014517e-07
2425,0.5621765008857981
2426,0.008577485413711986
2427,5.043474082014517e-07
2428,5.043474082014517e-07
2429,3.9278620026704423e-07
2430,1.4449800373124837e-07
2431,2.3823690999334297e-07
2432,1.0129990980873921e-05
2433,5.043474082014517e-07
2434,0.0015011822567369915
2435,5.043474082014517e-07
2436,0.0024726231566347748
2437,0.998498817743263
2438,6.825602910446288e-08
2439,2.3823690999334297e-07
2440,0.029312230751356316
2441,1.8553910183683314e-07
2442,0.995929862284104
2443,0.005220125693558397
2444,0.006692850924284856
2445,4.1399375473943306e-08
2446,5.043474082014517e-07
2447,5.043474082014517e-07
2448,1.12535162055095e-07
2449,1.7603432133424858e-06
2450,1.8553910183683314e-07
2451,5.043474082014517e-07
2452,5.043474082014517e-07
2453,1.0129990980873921e-05
2454,1.0677028700441467e-06
2455,3.059022269256247e-07
2456,5.043474082014517e-07
2457,7.889262586245034e-06
2458,3.059022269256247e-07
2459,3.9278620026704423e-07
2460,6.475947982049266e-07
2461,0.00012339457598623172
2462,8.315280276641321e-07
2463,8.764247451323235e-08
2464,0.8175744761936437
2465,8.764247451323235e-08
2466,1.4449800373124837e-07
2467,3.059022269256247e-07
2468,2.902311985211097e-06
2469,5.043474082014517e-07
2470,5.043474082014517e-07
2471,2.3823690999334297e-07
2472,6.475947982049266e-07
2473,5.043474082014517e-07
2474,1.7603432133424858e-06
2475,1.8553910183683314e-07
2476,1.4449800373124837e-07
2477,1.8553910183683314e-07
2478,2.3823690999334297e-07
2479,1.8553910183683314e-07
2480,3.059022269256247e-07
2481,1.12535162055095e-07
2482,1.4449800373124837e-07
2483,3.059022269256247e-07
2484,1.0677028700441467e-06
2485,6.144174602214718e-06
2486,0.017986209962091555
2487,2.5109990926928157e-08
2488,5.043474082014517e-07
2489,8.315280276641321e-07
2490,3.9278620026704423e-07
2491,1.3007128466476033e-05
2492,2.3823690999334297e-07
2493,2.3823690999334297e-07
2494,2.3823690999334297e-07
2495,1.3709572068578445e-06
2496,1.12535162055095e-07
2497,5.043474082014517e-07
2498,3.2241866333029355e-08
2499,0.0007096703991005882
2500,1.0129990980873921e-05
2501,6.475947982049266e-07
2502,5.043474082014517e-07
2503,1.8553910183683314e-07
2504,1.4449800373124837e-07
2505,0.9980732653366725
2506,3.059022269256247e-07
2507,1.12535162055095e-07
2508,1.4449800373124837e-07
2509,2.902311985211097e-06
2510,5.043474082014517e-07
2511,1.3709572068578445e-06
2512,4.1399375473943306e-08
2513,3.9278620026704423e-07
2514,6.475947982049266e-07
2515,8.764247451323235e-08
2516,8.764247451323235e-08
2517,5.043474082014517e-07
2518,2.3823690999334297e-07
2519,1.12535162055095e-07
2520,3.059022269256247e-07
2521,0.22270013882530884
2522,5.043474082014517e-07
2523,0.0953494648991095
2524,1.12535162055095e-07
2525,0.00012339457598623172
2526,8.764247451323235e-08
2527,3.059022269256247e-07
2528,6.475947982049266e-07
2529,2.753569111458347e-05
2530,1.4449800373124837e-07
2531,1.8553910183683314e-07
2532,5.043474082014517e-07
2533,6.825602910446288e-08
2534,2.3823690999334297e-07
2535,0.0009110511944006454
2536,5.3157849718487075e-08
2537,1.4449800373124837e-07
2538,2.3823690999334297e-07
2539,8.764247451323235e-08
2540,1.8553910183683314e-07
2541,5.043474082014517e-07
2542,1.3709572068578445e-06
2543,3.059022269256247e-07
2544,5.043474082014517e-07
2545,1.3007128466476033e-05
2546,0.8807970779778823
2547,5.043474082014517e-07
2548,1.4449800373124837e-07
2549,1.3007128466476033e-05
2550,9.610241549947395e-05
2551,0.0007096703991005882
2552,0.01098694263059318
2553,0.00015843621910252594
2554,1.12535162055095e-07
2555,5.043474082014517e-07
2556,3.9278620026704423e-07
2557,1.8553910183683314e-07
2558,3.9278620026704423e-07
2559,1.8553910183683314e-07
2560,2.3823690999334297e-07
2561,5.3157849718487075e-08
2562,5.043474082014517e-07
2563,2.902311985211097e-06
2564,5.043474082014517e-07
2565,5.043474082014517e-07
2566,1.3709572068578445e-06
2567,5.043474082014517e-07
2568,5.043474082014517e-07
2569,6.825602910446288e-08
2570,0.0031726828424851893
2571,1.0129990980873921e-05
2572,1.8553910183683314e-07
2573,3.059022269256247e-07
2574,2.3823690999334297e-07
2575,5.3157849718487075e-08
2576,5.043474082014517e-07
2577,8.764247451323235e-08
2578,3.9278620026704423e-07
2579,5.043474082014517e-07
2580,2.3823690999334297e-07
2581,5.043474082014517e-07
2582,0.02297736991002561
2583,0.00043055708132461493
2584,1.8553910183683314e-07
2585,2.3823690999334297e-07
2586,6.825602910446288e-08
2587,2.2603242979035742e-06
2588,5.043474082014517e-07
2589,5.043474082014517e-07
2590,0.006692850924284856
2591,4.785094494890118e-06
2592,1.0677028700441467e-06
2593,0.0024726231566347748
2594,8.764247451323235e-08
2595,2.2603242979035742e-06
2596,1.12535162055095e-07
2597,5.829126566113865e-05
2598,0.00015843621910252594
2599,4.785094494890118e-06
2600,0.017986209962091555
2601,2.3823690999334297e-07
2602,0.0011695102650555148
2603,1.8553910183683314e-07
2604,5.3157849718487075e-08
2605,2.3823690999334297e-07
2606,2.3823690999334297e-07
2607,1.4449800373124837e-07
2608,0.014063627043245474
2609,3.7266392841865614e-06
2610,0.014063627043245474
2611,3.059022269256247e-07
2612,3.9278620026704423e-07
2613,5.043474082014517e-07
2614,2.3823690999334297e-07
2615,8.764247451323235e-08
2616,6.144174602214718e-06
2617,1.4449800373124837e-07
2618,0.004070137715896127
2619,1.8553910183683314e-07
2620,1.3709572068578445e-06
2621,5.043474082014517e-07
2622,1.12535162055095e-07
2623,8.315280276641321e-07
2624,1.8553910183683314e-07
2625,5.043474082014517e-07
2626,5.043474082014517e-07
2627,1.0677028700441467e-06
2628,0.017986209962091555
2629,8.315280276641321e-07
2630,1.7603432133424858e-06
2631,4.5397868702434395e-05
2632,3.9278620026704423e-07
2633,4.785094494890118e-06
2634,5.043474082014517e-07
2635,6.825602910446288e-08
2636,1.4449800373124837e-07
2637,8.764247451323235e-08
2638,0.017986209962091555
2639,3.9278620026704423e-07
2640,1.4449800373124837e-07
2641,3.059022269256247e-07
2642,1.12535162055095e-07
2643,8.764247451323235e-08
2644,5.043474082014517e-07
2645,1.670142184809518e-05
2646,2.3823690999334297e-07
2647,6.825602910446288e-08
2648,0.00015843621910252594
2649,1.12535162055095e-07
2650,5.043474082014517e-07
2651,0.0015011822567369915
2652,1.12535162055095e-07
2653,5.043474082014517e-07
2654,5.043474082014517e-07
2655,5.043474082014517e-07
2656,1.4449800373124837e-07
2657,3.059022269256247e-07
2658,1.0129990980873921e-05
2659,8.764247451323235e-08
2660,2.902311985211097e-06
2661,1.12535162055095e-07
2662,0.0005527786369235996
2663,6.475947982049266e-07
2664,5.043474082014517e-07
2665,0.32082130082460697
2666,5.043474082014517e-07
2667,1.12535162055095e-07
2668,0.0002611903190957194
2669,0.7310585786300049
2670,6.475947982049266e-07
2671,9.610241549947395e-05
2672,1.670142184809518e-05
2673,4.785094494890118e-06
2674,4.785094494890118e-06
2675,0.00043055708132461493
2676,5.043474082014517e-07
2677,8.764247451323235e-08
2678,5.043474082014517e-07
2679,0.00015843621910252594
2680,2.902311985211097e-06
2681,7.889262586245034e-06
2682,1.522997951276035e-08
2683,2.3823690999334297e-07
2684,5.043474082014517e-07
2685,7.889262586245034e-06
2686,1.12535162055095e-07
2687,1.8553910183683314e-07
2688,5.043474082014517e-07
2689,1.3007128466476033e-05
2690,6.144174602214718e-06
2691,5.043474082014517e-07
2692,0.11920292202211755
2693,2.3823690999334297e-07
2694,2.3823690999334297e-07
2695,6.825602910446288e-08
2696,5.829126566113865e-05
2697,5.043474082014517e-07
2698,2.2603242979035742e-06
2699,1.12535162055095e-07
2700,0.017986209962091555
2701,2.3823690999334297e-07
2702,3.9278620026704423e-07
2703,1.8553910183683314e-07
2704,0.0002034269780552065
2705,0.008577485413711986
2706,7.484622751061124e-05
2707,2.902311985211097e-06
2708,1.4449800373124837e-07
2709,7.484622751061124e-05
2710,1.12535162055095e-07
2711,2.902311985211097e-06
2712,2.753569111458347e-05
2713,0.0009110511944006454
2714,0.6224593312018546
2715,1.12535162055095e-07
2716,1.0677028700441467e-06
2717,0.014063627043245474
2718,5.043474082014517e-07
2719,1.12535162055095e-07
2720,5.043474082014517e-07
2721,3.059022269256247e-07
2722,5.043474082014517e-07
2723,3.059022269256247e-07
2724,1.12535162055095e-07
2725,5.043474082014517e-07
2726,5.043474082014517e-07
2727,5.043474082014517e-07
2728,5.043474082014517e-07
2729,3.059022269256247e-07
2730,1.4449800373124837e-07
2731,3.2241866333029355e-08
2732,5.043474082014517e-07
2733,5.043474082014517e-07
2734,5.043474082014517e-07
2735,5.043474082014517e-07
2736,3.7266392841865614e-06
2737,5.043474082014517e-07
2738,3.059022269256247e-07
2739,3.9278620026704423e-07
2740,7.889262586245034e-06
2741,1.3709572068578445e-06
2742,5.043474082014517e-07
2743,5.043474082014517e-07
2744,6.475947982049266e-07
2745,5.043474082014517e-07
2746,5.043474082014517e-07
2747,6.475947982049266e-07
2748,1.8553910183683314e-07
2749,5.043474082014517e-07
2750,3.9278620026704423e-07
2751,8.315280276641321e-07
2752,5.043474082014517e-07
2753,5.043474082014517e-07
2754,5.043474082014517e-07
2755,5.043474082014517e-07
2756,5.043474082014517e-07
2757,5.043474082014517e-07
2758,5.043474082014517e-07
2759,5.043474082014517e-07
2760,5.043474082014517e-07
2761,5.043474082014517e-07
2762,2.3823690999334297e-07
2763,5.043474082014517e-07
2764,5.043474082014517e-07
2765,5.043474082014517e-07
2766,2.3823690999334297e-07
2767,5.043474082014517e-07
2768,5.043474082014517e-07
2769,5.043474082014517e-07
2770,5.043474082014517e-07
2771,5.043474082014517e-07
2772,5.043474082014517e-07
2773,0.9995694429186754
2774,0.9706877692486436
2775,0.04742587317756679
2776,0.999997739675702
2777,0.4378234991142019
2778,0.9046505351008906
2779,3.535625074174431e-05
2780,3.059022269256247e-07
2781,6.825602910446288e-08
2782,5.3157849718487075e-08
2783,6.825602910446288e-08
2784,1.4449800373124837e-07
2785,2.3823690999334297e-07
2786,5.043474082014517e-07
2787,8.764247451323235e-08
2788,2.3823690999334297e-07
2789,8.764247451323235e-08
2790,0.9820137900379085
2791,5.043474082014517e-07
2792,5.043474082014517e-07
2793,2.753569111458347e-05
2794,6.475947982049266e-07
2795,2.902311985211097e-06
2796,0.22270013882530884
2797,5.043474082014517e-07
2798,0.0002611903190957194
2799,5.043474082014517e-07
2800,1.0677028700441467e-06
2801,1.8553910183683314e-07
2802,2.3823690999334297e-07
2803,6.144174602214718e-06
2804,1.12535162055095e-07
2805,2.3823690999334297e-07
2806,5.043474082014517e-07
2807,1.12535162055095e-07
2808,1.4449800373124837e-07
2809,2.3823690999334297e-07
2810,1.0677028700441467e-06
2811,1.8553910183683314e-07
2812,4.785094494890118e-06
2813,0.0002611903190957194
2814,3.9278620026704423e-07
2815,5.043474082014517e-07
2816,5.043474082014517e-07
2817,0.0007096703991005882
2818,4.785094494890118e-06
2819,5.043474082014517e-07
2820,4.5397868702434395e-05
2821,3.2241866333029355e-08
2822,1.12535162055095e-07
2823,4.5397868702434395e-05
2824,3.059022269256247e-07
2825,3.059022269256247e-07
2826,7.889262586245034e-06
2827,7.889262586245034e-06
2828,1.8553910183683314e-07
2829,1.12535162055095e-07
2830,2.2603242979035742e-06
2831,8.315280276641321e-07
2832,0.037326887344129464
2833,2.902311985211097e-06
2834,0.9241418199787566
2835,2.2603242979035742e-06
2836,0.9820137900379085
2837,1.3007128466476033e-05
2838,2.3823690999334297e-07
2839,0.5
2840,0.18242552380635632
2841,0.1480471980316895
2842,0.9399133498259924
2843,0.008577485413711986
2844,0.9820137900379085
2845,0.9626731126558706
2846,0.18242552380635632
2847,0.9933071490757153
2848,0.998498817743263
2849,0.2689414213699951
2850,2.3823690999334297e-07
2851,5.043474082014517e-07
2852,6.144174602214718e-06
2853,0.0007096703991005882
2854,6.475947982049266e-07
2855,1.8553910183683314e-07
2856,1.4449800373124837e-07
2857,0.1480471980316895
2858,3.9278620026704423e-07
2859,2.3823690999334297e-07
2860,1.3709572068578445e-06
2861,2.753569111458347e-05
2862,1.670142184809518e-05
2863,1.0677028700441467e-06
2864,2.2603242979035742e-06
2865,6.475947982049266e-07
2866,3.7266392841865614e-06
2867,4.785094494890118e-06
2868,6.475947982049266e-07
2869,1.0677028700441467e-06
2870,0.4378234991142019
2871,3.7266392841865614e-06
2872,5.043474082014517e-07
2873,0.00033535013046647816
2874,0.00015843621910252594
2875,1.8553910183683314e-07
2876,0.9998415637808975
2877,5.043474082014517e-07
2878,4.5397868702434395e-05
2879,0.00033535013046647816
2880,0.6224593312018546
2881,8.315280276641321e-07
2882,0.008577485413711986
2883,1.3709572068578445e-06
2884,5.043474082014517e-07
2885,1.4449800373124837e-07
2886,1.12535162055095e-07
2887,1.8553910183683314e-07
2888,9.610241549947395e-05
2889,8.764247451323235e-08
2890,6.475947982049266e-07
2891,1.4449800373124837e-07
2892,1.3709572068578445e-06
2893,0.00033535013046647816
2894,8.764247451323235e-08
2895,2.3823690999334297e-07
2896,6.825602910446288e-08
2897,0.00015843621910252594
2898,1.4449800373124837e-07
2899,3.059022269256247e-07
2900,1.12535162055095e-07
2901,4.785094494890118e-06
2902,0.00012339457598623172
2903,5.043474082014517e-07
2904,5.043474082014517e-07
2905,0.0002034269780552065
2906,1.0677028700441467e-06
2907,1.12535162055095e-07
2908,1.8553910183683314e-07
2909,3.535625074174431e-05
2910,4.785094494890118e-06
2911,3.9278620026704423e-07
2912,0.00033535013046647816
2913,0.006692850924284856
2914,0.9988304897349445
2915,0.0005527786369235996
2916,1.3007128466476033e-05
2917,0.37754066879814546
2918,7.484622751061124e-05
2919,0.00033535013046647816
2920,0.00043055708132461493
2921,2.3823690999334297e-07
2922,5.043474082014517e-07
2923,3.9278620026704423e-07
2924,0.0011695102650555148
2925,8.315280276641321e-07
2926,3.059022269256247e-07
2927,3.059022269256247e-07
2928,1.8553910183683314e-07
2929,0.9995694429186754
2930,0.9770226300899744
2931,5.043474082014517e-07
2932,3.9278620026704423e-07
2933,6.144174602214718e-06
2934,0.0019267346633274755
2935,0.0019267346633274755
2936,3.9278620026704423e-07
2937,3.9278620026704423e-07
2938,3.059022269256247e-07
2939,1.8553910183683314e-07
2940,5.043474082014517e-07
2941,1.0677028700441467e-06
2942,3.059022269256247e-07
2943,0.014063627043245474
2944,0.679178699175393
2945,5.3157849718487075e-08
2946,5.043474082014517e-07
2947,2.753569111458347e-05
2948,1.3709572068578445e-06
2949,0.4378234991142019
2950,5.043474082014517e-07
2951,3.9278620026704423e-07
2952,0.8519528019683106
2953,1.12535162055095e-07
2954,9.610241549947395e-05
2955,2.3823690999334297e-07
2956,1.3007128466476033e-05
2957,1.8553910183683314e-07
2958,2.753569111458347e-05
2959,0.07585818002124356
2960,5.043474082014517e-07
2961,5.3157849718487075e-08
2962,0.0002034269780552065
2963,1.8553910183683314e-07
2964,7.484622751061124e-05
2965,0.0019267346633274755
2966,3.9278620026704423e-07
2967,5.043474082014517e-07
2968,0.006692850924284856
2969,0.9992903296008995
2970,0.00015843621910252594
2971,7.484622751061124e-05
2972,1.4449800373124837e-07
2973,6.475947982049266e-07
2974,1.8553910183683314e-07
2975,1.0129990980873921e-05
2976,0.008577485413711986
2977,3.059022269256247e-07
2978,2.3823690999334297e-07
2979,3.9278620026704423e-07
2980,4.1399375473943306e-08
2981,2.902311985211097e-06
2982,5.043474082014517e-07
2983,1.8553910183683314e-07
2984,0.7310585786300049
2985,0.0015011822567369915
2986,1.3007128466476033e-05
2987,0.9626731126558706
2988,0.9997965730219448
2989,0.679178699175393
2990,0.2689414213699951
2991,0.9999921107374138
2992,1.12535162055095e-07
2993,1.3007128466476033e-05
2994,3.9278620026704423e-07
2995,3.9278620026704423e-07
2996,1.12535162055095e-07
2997,0.037326887344129464
2998,2.902311985211097e-06
2999,1.8553910183683314e-07
3000,6.475947982049266e-07
3001,5.043474082014517e-07
3002,3.9278620026704423e-07
3003,0.006692850924284856
3004,3.9278620026704423e-07
3005,0.9999962733607158
3006,6.144174602214718e-06
3007,0.02297736991002561
3008,0.00015843621910252594
3009,2.144494842091395e-05
3010,0.9994472213630764
3011,0.9859363729567544
3012,0.7310585786300049
3013,1.3709572068578445e-06
3014,0.1480471980316895
3015,0.0002611903190957194
3016,4.785094494890118e-06
3017,0.037326887344129464
3018,5.043474082014517e-07
3019,1.3709572068578445e-06
3020,2.2603242979035742e-06
3021,3.059022269256247e-07
3022,1.8553910183683314e-07
3023,1.0677028700441467e-06
3024,0.004070137715896127
